clm_natpft,clm_abbrev,requested_mean_pp,realised_mean_pp,mean_adjustment_pp,max_abs_adjustment_pp
0,BG,,-3.1326530579042355,,
1,TeNET,0.0013443343325938667,0.0006014192514451098,-0.000742915081148757,0.2746520596409492
2,BoNET,3.637888547161762,2.027473894821569,-1.6104146523401928,36.92333551465829
3,BoNDT,6.62867315696792,3.2186016503271704,-3.41007150664075,31.503218004631037
5,TeBET,0.00014309889087044366,0.00013611503333358732,-6.9838575368563294e-06,0.011517862732968263
7,TeBDT,1.0255716013512972,0.5491955829123053,-0.47637601843899197,26.297268256568316
8,BoBDT,8.160279432943874,5.000147993697416,-3.160131439246457,32.03479963545472
11,BoBDS,1.078658047864361,0.6402582664106066,-0.4383997814537547,15.211815635929128
12,arcticC3,-9.789619430138924,-8.303761864549609,1.4858575655893145,24.609469639326754
