lat_index,lon_index,lat,lon_360,lon_180,max_pft_change_pp
72,55,46.421052631578846,137.5,137.5,13.20891411424411
72,57,46.421052631578846,142.5,142.5,11.640596984821151
72,60,46.421052631578846,150.0,150.0,7.4999999999999964
72,122,46.421052631578846,305.0,-55.0,2.8536720652315974
72,123,46.421052631578846,307.5,-52.5,0.8118374698638752
73,43,48.315789473684106,107.5,107.5,28.266342047760624
73,44,48.315789473684106,110.0,110.0,17.35701266533426
73,55,48.315789473684106,137.5,137.5,13.93106308475926
73,56,48.315789473684106,140.0,140.0,9.247257867614483
73,57,48.315789473684106,142.5,142.5,11.271526725782309
73,108,48.315789473684106,270.0,-90.0,21.741833299927183
73,110,48.315789473684106,275.0,-85.0,26.541281247068614
73,111,48.315789473684106,277.5,-82.5,1.0985171257280628
73,112,48.315789473684106,280.0,-80.0,0.04465913466819576
73,113,48.315789473684106,282.5,-77.5,0.6474339865799446
73,115,48.315789473684106,287.5,-72.5,10.37710189392161
73,116,48.315789473684106,290.0,-70.0,24.555246989224415
73,119,48.315789473684106,297.5,-62.5,18.150000000000066
73,120,48.315789473684106,300.0,-60.0,6.06573263100652
73,121,48.315789473684106,302.5,-57.5,15.335796839915943
73,122,48.315789473684106,305.0,-55.0,15.837390724016991
73,123,48.315789473684106,307.5,-52.5,0.352641018920572
74,43,50.210526315789366,107.5,107.5,12.840205867207404
74,44,50.210526315789366,110.0,110.0,25.58158300121177
74,45,50.210526315789366,112.5,112.5,23.85198241462801
74,53,50.210526315789366,132.5,132.5,7.779656659267687
74,54,50.210526315789366,135.0,135.0,8.067533249326939
74,55,50.210526315789366,137.5,137.5,16.4339778945497
74,56,50.210526315789366,140.0,140.0,12.822218830486321
74,57,50.210526315789366,142.5,142.5,7.394348676259348
74,58,50.210526315789366,145.0,145.0,10.612095326675018
74,62,50.210526315789366,155.0,155.0,8.000000000000012
74,106,50.210526315789366,265.0,-95.0,0.012743678608463307
74,107,50.210526315789366,267.5,-92.5,0.019273496662995333
74,108,50.210526315789366,270.0,-90.0,27.04858289782881
74,109,50.210526315789366,272.5,-87.5,23.86363022233043
74,110,50.210526315789366,275.0,-85.0,21.844141542784428
74,111,50.210526315789366,277.5,-82.5,11.528684321095685
74,112,50.210526315789366,280.0,-80.0,21.975214338640125
74,113,50.210526315789366,282.5,-77.5,28.133112050698056
74,114,50.210526315789366,285.0,-75.0,28.809580125523564
74,115,50.210526315789366,287.5,-72.5,31.03452254038095
74,116,50.210526315789366,290.0,-70.0,27.83326129452427
74,117,50.210526315789366,292.5,-67.5,21.266473596056585
74,118,50.210526315789366,295.0,-65.0,11.298364440487713
74,119,50.210526315789366,297.5,-62.5,13.653292793387259
74,120,50.210526315789366,300.0,-60.0,10.547501035620009
74,121,50.210526315789366,302.5,-57.5,8.918483724282822
74,122,50.210526315789366,305.0,-55.0,19.829901084618157
75,41,52.105263157894626,102.5,102.5,22.366186971861126
75,42,52.105263157894626,105.0,105.0,26.701857237710776
75,43,52.105263157894626,107.5,107.5,14.857617724998642
75,44,52.105263157894626,110.0,110.0,13.288349489506913
75,45,52.105263157894626,112.5,112.5,15.654638695233038
75,46,52.105263157894626,115.00000000000001,115.0,17.031117520588225
75,47,52.105263157894626,117.5,117.5,6.684776061749224
75,48,52.105263157894626,120.0,120.0,5.628805527907197
75,53,52.105263157894626,132.5,132.5,3.9639896975073086
75,54,52.105263157894626,135.0,135.0,12.246945150396943
75,55,52.105263157894626,137.5,137.5,14.926954261759692
75,56,52.105263157894626,140.0,140.0,15.502919955081829
75,57,52.105263157894626,142.5,142.5,9.22115136642639
75,63,52.105263157894626,157.5,157.5,10.13679356525467
75,102,52.105263157894626,254.99999999999997,-105.0,5.183392931824768
75,103,52.105263157894626,257.5,-102.5,0.005172934084465443
75,104,52.105263157894626,260.0,-100.0,0.1610960960298825
75,105,52.105263157894626,262.5,-97.5,11.449159219713362
75,106,52.105263157894626,265.0,-95.0,12.118790220501634
75,107,52.105263157894626,267.5,-92.5,22.38288138323051
75,108,52.105263157894626,270.0,-90.0,23.833623970046336
75,109,52.105263157894626,272.5,-87.5,19.936241658919474
75,110,52.105263157894626,275.0,-85.0,11.101808737773561
75,111,52.105263157894626,277.5,-82.5,16.16577466961096
75,112,52.105263157894626,280.0,-80.0,29.21543877293537
75,113,52.105263157894626,282.5,-77.5,29.907226954974657
75,114,52.105263157894626,285.0,-75.0,22.39253990496932
75,115,52.105263157894626,287.5,-72.5,8.281079944847091
75,116,52.105263157894626,290.0,-70.0,12.140886786054287
75,117,52.105263157894626,292.5,-67.5,11.69222981628573
75,118,52.105263157894626,295.0,-65.0,6.171910740301513
75,119,52.105263157894626,297.5,-62.5,10.550722594190766
75,120,52.105263157894626,300.0,-60.0,7.734009876664906
75,121,52.105263157894626,302.5,-57.5,10.266530323556857
75,122,52.105263157894626,305.0,-55.0,15.340339988104716
76,23,53.999999999999886,57.50000000000001,57.5,0.006434251131142532
76,37,53.999999999999886,92.5,92.5,13.444408694463576
76,38,53.999999999999886,95.0,95.0,18.360363433701835
76,40,53.999999999999886,100.0,100.0,15.337547957086514
76,41,53.999999999999886,102.5,102.5,4.529158850661069
76,42,53.999999999999886,105.0,105.0,11.168110535767786
76,43,53.999999999999886,107.5,107.5,20.44251629834393
76,44,53.999999999999886,110.0,110.0,22.763403371523175
76,45,53.999999999999886,112.5,112.5,21.743248363962245
76,46,53.999999999999886,115.00000000000001,115.0,22.02357077070501
76,47,53.999999999999886,117.5,117.5,19.2302452841421
76,48,53.999999999999886,120.0,120.0,10.946861722316346
76,50,53.999999999999886,125.0,125.0,5.443757532315658
76,51,53.999999999999886,127.49999999999999,127.5,4.674569534277096
76,52,53.999999999999886,130.0,130.0,0.2513396651167539
76,53,53.999999999999886,132.5,132.5,4.211727903936535
76,54,53.999999999999886,135.0,135.0,11.683471917258327
76,55,53.999999999999886,137.5,137.5,18.98376209403152
76,56,53.999999999999886,140.0,140.0,15.800439459559627
76,57,53.999999999999886,142.5,142.5,11.10697436433541
76,62,53.999999999999886,155.0,155.0,5.318609933144131
76,63,53.999999999999886,157.5,157.5,12.250002706176097
76,64,53.999999999999886,160.0,160.0,22.203128619060173
76,65,53.999999999999886,162.5,162.5,4.917930704503789
76,77,53.999999999999886,192.5,-167.5,19.599999999999994
76,78,53.999999999999886,195.0,-165.0,16.78775292939968
76,97,53.999999999999886,242.5,-117.5,20.40635685216614
76,98,53.999999999999886,244.99999999999997,-115.0,14.557099588979284
76,99,53.999999999999886,247.50000000000003,-112.5,9.368687056565152
76,100,53.999999999999886,250.0,-110.0,10.471992911237841
76,101,53.999999999999886,252.5,-107.5,9.394029286207896
76,102,53.999999999999886,254.99999999999997,-105.0,14.101363337621791
76,103,53.999999999999886,257.5,-102.5,4.71228555687249
76,104,53.999999999999886,260.0,-100.0,10.750072741550417
76,105,53.999999999999886,262.5,-97.5,22.181300308543268
76,106,53.999999999999886,265.0,-95.0,14.380949001138774
76,107,53.999999999999886,267.5,-92.5,19.616391023236496
76,108,53.999999999999886,270.0,-90.0,21.665551346796065
76,109,53.999999999999886,272.5,-87.5,17.1814324182302
76,110,53.999999999999886,275.0,-85.0,13.75826140286307
76,111,53.999999999999886,277.5,-82.5,12.736460772327959
76,112,53.999999999999886,280.0,-80.0,15.855540103375775
76,113,53.999999999999886,282.5,-77.5,9.366852584482185
76,114,53.999999999999886,285.0,-75.0,8.495035323272674
76,115,53.999999999999886,287.5,-72.5,12.103615772288297
76,116,53.999999999999886,290.0,-70.0,14.430722048909779
76,117,53.999999999999886,292.5,-67.5,11.436600104795524
76,118,53.999999999999886,295.0,-65.0,12.960469954796565
76,119,53.999999999999886,297.5,-62.5,15.170935907782862
76,120,53.999999999999886,300.0,-60.0,4.640250839774186
76,121,53.999999999999886,302.5,-57.5,6.8834899268664245
77,37,55.89473684210515,92.5,92.5,11.978290066982941
77,38,55.89473684210515,95.0,95.0,9.904783210296344
77,39,55.89473684210515,97.5,97.5,7.145661685710021
77,40,55.89473684210515,100.0,100.0,0.4777967800807796
77,41,55.89473684210515,102.5,102.5,1.335658750534723
77,42,55.89473684210515,105.0,105.0,2.060680422898117
77,43,55.89473684210515,107.5,107.5,8.596292776025907
77,44,55.89473684210515,110.0,110.0,10.777535007054459
77,45,55.89473684210515,112.5,112.5,5.6114648276921635
77,46,55.89473684210515,115.00000000000001,115.0,4.602553982806575
77,47,55.89473684210515,117.5,117.5,2.6382992296060097
77,48,55.89473684210515,120.0,120.0,1.0873546679218675
77,49,55.89473684210515,122.49999999999999,122.5,15.375205794767876
77,50,55.89473684210515,125.0,125.0,16.655261533801795
77,51,55.89473684210515,127.49999999999999,127.5,17.80424480683815
77,52,55.89473684210515,130.0,130.0,23.010787431252083
77,53,55.89473684210515,132.5,132.5,30.79013566894487
77,54,55.89473684210515,135.0,135.0,26.18843116290228
77,55,55.89473684210515,137.5,137.5,20.678118696197416
77,62,55.89473684210515,155.0,155.0,5.441061649281416
77,63,55.89473684210515,157.5,157.5,6.565020881389838
77,64,55.89473684210515,160.0,160.0,14.294804441430728
77,65,55.89473684210515,162.5,162.5,12.374719571246146
77,79,55.89473684210515,197.5,-162.5,13.042303291086789
77,80,55.89473684210515,200.0,-160.0,8.897934173252622
77,81,55.89473684210515,202.5,-157.5,3.1556528361953173
77,91,55.89473684210515,227.5,-132.5,3.33762325625103
77,92,55.89473684210515,230.00000000000003,-130.0,6.499636466688927
77,96,55.89473684210515,240.0,-120.0,16.691324592706877
77,97,55.89473684210515,242.5,-117.5,13.70637261302705
77,98,55.89473684210515,244.99999999999997,-115.0,16.18601176235059
77,99,55.89473684210515,247.50000000000003,-112.5,19.942867946513573
77,100,55.89473684210515,250.0,-110.0,15.055175416131263
77,101,55.89473684210515,252.5,-107.5,11.62474858656875
77,102,55.89473684210515,254.99999999999997,-105.0,18.11492927619356
77,103,55.89473684210515,257.5,-102.5,22.307516492043852
77,104,55.89473684210515,260.0,-100.0,20.665438965171987
77,105,55.89473684210515,262.5,-97.5,23.873753377769617
77,106,55.89473684210515,265.0,-95.0,16.40964554481296
77,107,55.89473684210515,267.5,-92.5,12.907248966327442
77,108,55.89473684210515,270.0,-90.0,9.70568606137789
77,109,55.89473684210515,272.5,-87.5,12.953664219524455
77,110,55.89473684210515,275.0,-85.0,16.870634071987297
77,112,55.89473684210515,280.0,-80.0,30.15584587788777
77,113,55.89473684210515,282.5,-77.5,56.27132892402416
77,114,55.89473684210515,285.0,-75.0,43.366431820277626
77,115,55.89473684210515,287.5,-72.5,50.07528309677722
77,116,55.89473684210515,290.0,-70.0,40.69923496931514
77,117,55.89473684210515,292.5,-67.5,45.94615091824018
77,118,55.89473684210515,295.0,-65.0,42.40642703964919
77,119,55.89473684210515,297.5,-62.5,18.329758246297303
77,120,55.89473684210515,300.0,-60.0,50.26835620668981
78,3,57.78947368421041,7.5,7.5,10.529537580550079
78,14,57.78947368421041,35.0,35.0,2.284578910755222
78,15,57.78947368421041,37.5,37.5,5.982978682035985
78,19,57.78947368421041,47.5,47.5,0.00085692341849924
78,23,57.78947368421041,57.50000000000001,57.5,1.9234771354569715
78,24,57.78947368421041,60.0,60.0,2.34684230438625
78,27,57.78947368421041,67.5,67.5,0.012922186220348932
78,28,57.78947368421041,70.0,70.0,10.0181153188813
78,29,57.78947368421041,72.5,72.5,13.770799985290614
78,30,57.78947368421041,75.0,75.0,14.115604833946023
78,31,57.78947368421041,77.5,77.5,13.006851114136465
78,32,57.78947368421041,80.0,80.0,12.770936609167848
78,33,57.78947368421041,82.5,82.5,10.597470584729715
78,34,57.78947368421041,85.0,85.0,12.563482688966229
78,35,57.78947368421041,87.5,87.5,12.90908247279895
78,36,57.78947368421041,90.0,90.0,11.01082114727113
78,37,57.78947368421041,92.5,92.5,9.73777952229868
78,38,57.78947368421041,95.0,95.0,1.5853755140370822
78,39,57.78947368421041,97.5,97.5,1.5597663131184567
78,40,57.78947368421041,100.0,100.0,1.330013161369739
78,41,57.78947368421041,102.5,102.5,5.027408137111068
78,42,57.78947368421041,105.0,105.0,3.4465413511185803
78,43,57.78947368421041,107.5,107.5,2.330546300278496
78,44,57.78947368421041,110.0,110.0,11.778748262017027
78,45,57.78947368421041,112.5,112.5,20.641978126202204
78,46,57.78947368421041,115.00000000000001,115.0,3.293893753178942
78,47,57.78947368421041,117.5,117.5,5.514722085222218
78,48,57.78947368421041,120.0,120.0,2.6076594921448404
78,49,57.78947368421041,122.49999999999999,122.5,17.467292401513117
78,50,57.78947368421041,125.0,125.0,20.717433799104093
78,51,57.78947368421041,127.49999999999999,127.5,21.75046609781495
78,52,57.78947368421041,130.0,130.0,23.46706238236316
78,53,57.78947368421041,132.5,132.5,18.10077508103616
78,54,57.78947368421041,135.0,135.0,14.360742322313229
78,55,57.78947368421041,137.5,137.5,26.420801810760846
78,56,57.78947368421041,140.0,140.0,28.19300252576965
78,63,57.78947368421041,157.5,157.5,8.572151051468197
78,64,57.78947368421041,160.0,160.0,13.26450649899908
78,65,57.78947368421041,162.5,162.5,11.652296585582208
78,81,57.78947368421041,202.5,-157.5,6.611364163894359
78,82,57.78947368421041,205.0,-155.0,12.956645747356397
78,83,57.78947368421041,207.5,-152.5,3.7354238530763215
78,90,57.78947368421041,225.0,-135.0,11.130159347028021
78,91,57.78947368421041,227.5,-132.5,25.011275314897468
78,92,57.78947368421041,230.00000000000003,-130.0,36.99331327277523
78,93,57.78947368421041,232.5,-127.5,44.723007729084955
78,94,57.78947368421041,235.0,-125.0,38.61308127069805
78,95,57.78947368421041,237.49999999999997,-122.5,16.688916856195036
78,96,57.78947368421041,240.0,-120.0,21.014026867626033
78,97,57.78947368421041,242.5,-117.5,9.558067530349707
78,98,57.78947368421041,244.99999999999997,-115.0,14.626181101678666
78,99,57.78947368421041,247.50000000000003,-112.5,19.606074282089345
78,100,57.78947368421041,250.0,-110.0,17.29256187026501
78,101,57.78947368421041,252.5,-107.5,23.328768461410306
78,102,57.78947368421041,254.99999999999997,-105.0,22.155293885407403
78,103,57.78947368421041,257.5,-102.5,5.058057124159137
78,104,57.78947368421041,260.0,-100.0,3.4959547105007207
78,105,57.78947368421041,262.5,-97.5,4.648336015711287
78,106,57.78947368421041,265.0,-95.0,13.90948127596102
78,107,57.78947368421041,267.5,-92.5,15.666150829103614
78,108,57.78947368421041,270.0,-90.0,11.397055092832886
78,113,57.78947368421041,282.5,-77.5,38.7714043085175
78,114,57.78947368421041,285.0,-75.0,28.167285675200578
78,115,57.78947368421041,287.5,-72.5,32.82466310296378
78,116,57.78947368421041,290.0,-70.0,34.77464198646631
78,117,57.78947368421041,292.5,-67.5,42.2443856608901
78,118,57.78947368421041,295.0,-65.0,11.805658092316515
78,119,57.78947368421041,297.5,-62.5,10.573691768645165
79,2,59.68421052631567,5.0,5.0,10.764159853531838
79,3,59.68421052631567,7.5,7.5,5.4272617869286535
79,4,59.68421052631567,10.0,10.0,17.611426202229264
79,5,59.68421052631567,12.5,12.5,26.532601623154733
79,6,59.68421052631567,15.0,15.0,23.49705079130818
79,11,59.68421052631567,27.5,27.5,1.651522593905345
79,12,59.68421052631567,30.0,30.0,5.300524526452179
79,13,59.68421052631567,32.5,32.5,5.937380611683439
79,14,59.68421052631567,35.0,35.0,0.0007787864580564019
79,19,59.68421052631567,47.5,47.5,0.00023571866073296102
79,20,59.68421052631567,50.0,50.0,0.0003267223798310592
79,21,59.68421052631567,52.5,52.5,0.00033076159571038255
79,22,59.68421052631567,55.0,55.0,0.0014733985656887965
79,23,59.68421052631567,57.50000000000001,57.5,24.930243577227394
79,24,59.68421052631567,60.0,60.0,19.68194126586412
79,25,59.68421052631567,62.5,62.5,0.4007005187533679
79,26,59.68421052631567,65.0,65.0,0.05891315130688213
79,27,59.68421052631567,67.5,67.5,3.39622487901979
79,28,59.68421052631567,70.0,70.0,15.6669779375406
79,29,59.68421052631567,72.5,72.5,15.89995528112339
79,30,59.68421052631567,75.0,75.0,18.085024145324034
79,31,59.68421052631567,77.5,77.5,17.972198809192186
79,32,59.68421052631567,80.0,80.0,9.207582071451114
79,33,59.68421052631567,82.5,82.5,11.181994462984825
79,34,59.68421052631567,85.0,85.0,14.271795209911105
79,35,59.68421052631567,87.5,87.5,10.734617937405373
79,36,59.68421052631567,90.0,90.0,6.8988075280850145
79,37,59.68421052631567,92.5,92.5,8.16804465825767
79,38,59.68421052631567,95.0,95.0,9.762185390618011
79,39,59.68421052631567,97.5,97.5,7.0312069933918195
79,40,59.68421052631567,100.0,100.0,1.4077870751360706
79,41,59.68421052631567,102.5,102.5,1.5645470441278146
79,42,59.68421052631567,105.0,105.0,7.821180431140763
79,43,59.68421052631567,107.5,107.5,7.340795662327172
79,44,59.68421052631567,110.0,110.0,5.275692332482682
79,45,59.68421052631567,112.5,112.5,5.8940666969779105
79,46,59.68421052631567,115.00000000000001,115.0,17.72708522062777
79,47,59.68421052631567,117.5,117.5,7.674613682001621
79,48,59.68421052631567,120.0,120.0,0.1281917432698083
79,49,59.68421052631567,122.49999999999999,122.5,4.9808529312171
79,50,59.68421052631567,125.0,125.0,4.940802315667429
79,51,59.68421052631567,127.49999999999999,127.5,4.73984682723654
79,52,59.68421052631567,130.0,130.0,0.010448229312670022
79,53,59.68421052631567,132.5,132.5,0.6853286099736096
79,54,59.68421052631567,135.0,135.0,9.091956070344892
79,55,59.68421052631567,137.5,137.5,26.35725402846211
79,56,59.68421052631567,140.0,140.0,29.922895779389275
79,57,59.68421052631567,142.5,142.5,25.42600302149066
79,58,59.68421052631567,145.0,145.0,30.869031607141288
79,59,59.68421052631567,147.5,147.5,18.624030990599444
79,60,59.68421052631567,150.0,150.0,13.390574584749636
79,61,59.68421052631567,152.5,152.5,24.56362129743376
79,62,59.68421052631567,155.0,155.0,19.056352376591253
79,64,59.68421052631567,160.0,160.0,15.719384466485138
79,65,59.68421052631567,162.5,162.5,23.945892315039526
79,66,59.68421052631567,165.0,165.0,19.00613504186671
79,67,59.68421052631567,167.5,167.5,45.57424097359738
79,68,59.68421052631567,170.0,170.0,55.46525791465715
79,77,59.68421052631567,192.5,-167.5,38.23333333333326
79,78,59.68421052631567,195.0,-165.0,14.43682273073155
79,79,59.68421052631567,197.5,-162.5,9.1377255697648
79,80,59.68421052631567,200.0,-160.0,16.14651281180283
79,81,59.68421052631567,202.5,-157.5,11.605706790724142
79,82,59.68421052631567,205.0,-155.0,10.958100974404562
79,83,59.68421052631567,207.5,-152.5,19.271504341842892
79,84,59.68421052631567,210.0,-150.0,25.570082997353722
79,88,59.68421052631567,220.0,-140.0,14.866666666666411
79,89,59.68421052631567,222.5,-137.5,22.4582313409529
79,90,59.68421052631567,225.0,-135.0,34.140910579476675
79,91,59.68421052631567,227.5,-132.5,26.32745760284923
79,92,59.68421052631567,230.00000000000003,-130.0,28.10680986850277
79,93,59.68421052631567,232.5,-127.5,8.632445589864284
79,94,59.68421052631567,235.0,-125.0,12.14844966240891
79,95,59.68421052631567,237.49999999999997,-122.5,22.31014610098545
79,96,59.68421052631567,240.0,-120.0,21.271674451950247
79,97,59.68421052631567,242.5,-117.5,16.758737350911627
79,98,59.68421052631567,244.99999999999997,-115.0,15.980723976798402
79,99,59.68421052631567,247.50000000000003,-112.5,15.24117186994866
79,100,59.68421052631567,250.0,-110.0,19.045419999428958
79,101,59.68421052631567,252.5,-107.5,12.543043364913771
79,102,59.68421052631567,254.99999999999997,-105.0,9.577406271602271
79,103,59.68421052631567,257.5,-102.5,22.544916425225242
79,104,59.68421052631567,260.0,-100.0,33.615432594794235
79,105,59.68421052631567,262.5,-97.5,37.24493280135859
79,106,59.68421052631567,265.0,-95.0,42.12516966314207
79,113,59.68421052631567,282.5,-77.5,11.880419775533484
79,114,59.68421052631567,285.0,-75.0,10.960599737533974
79,115,59.68421052631567,287.5,-72.5,16.964730481003635
79,116,59.68421052631567,290.0,-70.0,17.46615375612532
79,118,59.68421052631567,295.0,-65.0,19.361511526617303
79,126,59.68421052631567,315.0,-45.0,17.132396935268755
80,2,61.57894736842093,5.0,5.0,19.146722552827672
80,3,61.57894736842093,7.5,7.5,3.413739715574012
80,4,61.57894736842093,10.0,10.0,7.928934828609684
80,5,61.57894736842093,12.5,12.5,3.5807284346135555
80,6,61.57894736842093,15.0,15.0,7.934736908836825
80,7,61.57894736842093,17.5,17.5,16.69734271852515
80,9,61.57894736842093,22.5,22.5,0.07503859870590926
80,10,61.57894736842093,25.0,25.0,1.7907743289491282
80,12,61.57894736842093,30.0,30.0,8.154578176363497
80,13,61.57894736842093,32.5,32.5,16.51942299843677
80,14,61.57894736842093,35.0,35.0,10.195378050954318
80,15,61.57894736842093,37.5,37.5,0.1515540436525816
80,16,61.57894736842093,40.0,40.0,17.22291977215285
80,17,61.57894736842093,42.5,42.5,9.011718863051591
80,18,61.57894736842093,45.0,45.0,15.673585334289815
80,19,61.57894736842093,47.5,47.5,24.8732033145153
80,20,61.57894736842093,50.0,50.0,13.054386059880633
80,21,61.57894736842093,52.5,52.5,23.699905245312607
80,22,61.57894736842093,55.0,55.0,22.726042185489604
80,23,61.57894736842093,57.50000000000001,57.5,19.609448977514685
80,24,61.57894736842093,60.0,60.0,21.48406100560436
80,25,61.57894736842093,62.5,62.5,14.09081652316226
80,26,61.57894736842093,65.0,65.0,16.801558005697856
80,27,61.57894736842093,67.5,67.5,17.001514389972662
80,28,61.57894736842093,70.0,70.0,17.071654499144515
80,29,61.57894736842093,72.5,72.5,21.38506063633572
80,30,61.57894736842093,75.0,75.0,18.05834688788177
80,31,61.57894736842093,77.5,77.5,15.338716424263623
80,32,61.57894736842093,80.0,80.0,16.309158949422105
80,33,61.57894736842093,82.5,82.5,17.218619915367448
80,34,61.57894736842093,85.0,85.0,7.1235929115148275
80,35,61.57894736842093,87.5,87.5,6.396631299018635
80,36,61.57894736842093,90.0,90.0,4.2038144166289735
80,37,61.57894736842093,92.5,92.5,12.1097481723616
80,38,61.57894736842093,95.0,95.0,20.054080046470204
80,39,61.57894736842093,97.5,97.5,15.9561378430544
80,40,61.57894736842093,100.0,100.0,15.22509866354659
80,41,61.57894736842093,102.5,102.5,15.836455561126938
80,42,61.57894736842093,105.0,105.0,16.675226507297907
80,43,61.57894736842093,107.5,107.5,16.384777383294157
80,44,61.57894736842093,110.0,110.0,16.945760504593395
80,45,61.57894736842093,112.5,112.5,16.351313302458486
80,46,61.57894736842093,115.00000000000001,115.0,10.152653263482277
80,47,61.57894736842093,117.5,117.5,0.04587546202598958
80,48,61.57894736842093,120.0,120.0,0.19187621882009914
80,49,61.57894736842093,122.49999999999999,122.5,9.208879314654025
80,50,61.57894736842093,125.0,125.0,5.049712811572877
80,51,61.57894736842093,127.49999999999999,127.5,0.9593070987483827
80,52,61.57894736842093,130.0,130.0,0.11745534476307284
80,53,61.57894736842093,132.5,132.5,0.15481183668313747
80,54,61.57894736842093,135.0,135.0,6.24995795823132
80,55,61.57894736842093,137.5,137.5,24.683949597470722
80,56,61.57894736842093,140.0,140.0,14.214957675919718
80,57,61.57894736842093,142.5,142.5,25.76944228604832
80,58,61.57894736842093,145.0,145.0,12.955485448492801
80,59,61.57894736842093,147.5,147.5,4.030200569293495
80,60,61.57894736842093,150.0,150.0,6.018626305624335
80,61,61.57894736842093,152.5,152.5,19.26068653569109
80,62,61.57894736842093,155.0,155.0,11.512147029222604
80,63,61.57894736842093,157.5,157.5,10.870476608681953
80,64,61.57894736842093,160.0,160.0,25.302370779802864
80,65,61.57894736842093,162.5,162.5,35.04564910026853
80,66,61.57894736842093,165.0,165.0,34.518750633784165
80,67,61.57894736842093,167.5,167.5,31.982205908739566
80,68,61.57894736842093,170.0,170.0,18.026720305659154
80,69,61.57894736842093,172.5,172.5,20.63904319114304
80,70,61.57894736842093,175.0,175.0,40.39461633460589
80,78,61.57894736842093,195.0,-165.0,11.24911246253401
80,79,61.57894736842093,197.5,-162.5,7.338490159221074
80,80,61.57894736842093,200.0,-160.0,9.271048859206449
80,81,61.57894736842093,202.5,-157.5,7.284857966461377
80,82,61.57894736842093,205.0,-155.0,15.588697574742469
80,83,61.57894736842093,207.5,-152.5,8.379794811589356
80,84,61.57894736842093,210.0,-150.0,11.997436963588363
80,85,61.57894736842093,212.5,-147.5,24.51732682182566
80,86,61.57894736842093,215.0,-145.0,23.12171988732087
80,87,61.57894736842093,217.5,-142.5,16.023593890278114
80,88,61.57894736842093,220.0,-140.0,24.64351660132166
80,89,61.57894736842093,222.5,-137.5,40.39306070527205
80,90,61.57894736842093,225.0,-135.0,11.78914213913157
80,91,61.57894736842093,227.5,-132.5,24.152943663404695
80,92,61.57894736842093,230.00000000000003,-130.0,32.09135855682018
80,93,61.57894736842093,232.5,-127.5,31.54213885319102
80,94,61.57894736842093,235.0,-125.0,27.18973230695618
80,95,61.57894736842093,237.49999999999997,-122.5,21.93436993736477
80,96,61.57894736842093,240.0,-120.0,17.781925454643854
80,97,61.57894736842093,242.5,-117.5,16.13570759337682
80,98,61.57894736842093,244.99999999999997,-115.0,23.3689658871885
80,99,61.57894736842093,247.50000000000003,-112.5,17.77329655028558
80,100,61.57894736842093,250.0,-110.0,14.734463171876008
80,101,61.57894736842093,252.5,-107.5,40.271160973897395
80,102,61.57894736842093,254.99999999999997,-105.0,42.22263704779369
80,103,61.57894736842093,257.5,-102.5,39.988140098133705
80,104,61.57894736842093,260.0,-100.0,38.06142609397795
80,105,61.57894736842093,262.5,-97.5,36.58991602431772
80,106,61.57894736842093,265.0,-95.0,33.488456244736916
80,107,61.57894736842093,267.5,-92.5,25.903415226526576
80,111,61.57894736842093,277.5,-82.5,22.230311338023313
80,112,61.57894736842093,280.0,-80.0,34.23071510516401
80,113,61.57894736842093,282.5,-77.5,18.084994282141423
80,114,61.57894736842093,285.0,-75.0,15.949014947927338
80,115,61.57894736842093,287.5,-72.5,13.003809323501322
80,116,61.57894736842093,290.0,-70.0,16.398670649743146
80,117,61.57894736842093,292.5,-67.5,9.87879252521666
80,124,61.57894736842093,310.0,-50.0,16.700000000000003
80,125,61.57894736842093,312.5,-47.5,8.439833474181839
81,3,63.47368421052619,7.5,7.5,2.173707013049677
81,4,63.47368421052619,10.0,10.0,5.229927892699564
81,5,63.47368421052619,12.5,12.5,8.108856772404494
81,6,63.47368421052619,15.0,15.0,4.0511990572494625
81,7,63.47368421052619,17.5,17.5,13.28900842785599
81,8,63.47368421052619,20.0,20.0,15.207949233761433
81,9,63.47368421052619,22.5,22.5,27.133787690810756
81,10,63.47368421052619,25.0,25.0,25.78405085895117
81,11,63.47368421052619,27.5,27.5,21.229067769449536
81,12,63.47368421052619,30.0,30.0,21.66596510205227
81,13,63.47368421052619,32.5,32.5,22.192969841854755
81,14,63.47368421052619,35.0,35.0,21.44232813196711
81,15,63.47368421052619,37.5,37.5,22.747761003194928
81,16,63.47368421052619,40.0,40.0,20.476762545440764
81,17,63.47368421052619,42.5,42.5,19.79940582265332
81,18,63.47368421052619,45.0,45.0,19.238816116260026
81,19,63.47368421052619,47.5,47.5,13.815929988990337
81,20,63.47368421052619,50.0,50.0,14.442406720996694
81,21,63.47368421052619,52.5,52.5,13.012118773088346
81,22,63.47368421052619,55.0,55.0,10.640603705067946
81,23,63.47368421052619,57.50000000000001,57.5,4.711556854943216
81,24,63.47368421052619,60.0,60.0,10.274847691406833
81,25,63.47368421052619,62.5,62.5,8.23142075534524
81,26,63.47368421052619,65.0,65.0,11.302242693045075
81,27,63.47368421052619,67.5,67.5,21.334146444535264
81,28,63.47368421052619,70.0,70.0,21.006479755963042
81,29,63.47368421052619,72.5,72.5,15.628431835778485
81,30,63.47368421052619,75.0,75.0,14.382887930147234
81,31,63.47368421052619,77.5,77.5,13.397491025796569
81,32,63.47368421052619,80.0,80.0,16.301706802477867
81,33,63.47368421052619,82.5,82.5,14.945739204995078
81,34,63.47368421052619,85.0,85.0,13.618911800983128
81,35,63.47368421052619,87.5,87.5,6.63031799532426
81,36,63.47368421052619,90.0,90.0,32.36187861225022
81,37,63.47368421052619,92.5,92.5,39.25142705731716
81,38,63.47368421052619,95.0,95.0,36.03443114709806
81,39,63.47368421052619,97.5,97.5,29.973107279708362
81,40,63.47368421052619,100.0,100.0,27.441793840882067
81,41,63.47368421052619,102.5,102.5,27.314911170406955
81,42,63.47368421052619,105.0,105.0,23.079867890023582
81,43,63.47368421052619,107.5,107.5,22.262312155081794
81,44,63.47368421052619,110.0,110.0,24.260181039204795
81,45,63.47368421052619,112.5,112.5,22.142093181562714
81,46,63.47368421052619,115.00000000000001,115.0,16.49191061287044
81,47,63.47368421052619,117.5,117.5,7.940525594306119
81,48,63.47368421052619,120.0,120.0,3.5069632684791294
81,49,63.47368421052619,122.49999999999999,122.5,4.998192841998851
81,50,63.47368421052619,125.0,125.0,3.136026792785543
81,51,63.47368421052619,127.49999999999999,127.5,7.372503765004751
81,52,63.47368421052619,130.0,130.0,11.726463960303363
81,53,63.47368421052619,132.5,132.5,20.624761594930597
81,54,63.47368421052619,135.0,135.0,28.073324051473662
81,55,63.47368421052619,137.5,137.5,27.226327821214834
81,56,63.47368421052619,140.0,140.0,12.795169350718352
81,57,63.47368421052619,142.5,142.5,13.150416524937105
81,58,63.47368421052619,145.0,145.0,8.212479858612975
81,59,63.47368421052619,147.5,147.5,7.677813648433618
81,60,63.47368421052619,150.0,150.0,11.50271693898081
81,61,63.47368421052619,152.5,152.5,33.00205121946226
81,62,63.47368421052619,155.0,155.0,32.45994699347654
81,63,63.47368421052619,157.5,157.5,6.0564929635094025
81,64,63.47368421052619,160.0,160.0,5.5881780620499315
81,65,63.47368421052619,162.5,162.5,3.535005969174449
81,66,63.47368421052619,165.0,165.0,24.357286838078295
81,67,63.47368421052619,167.5,167.5,31.78949234290652
81,68,63.47368421052619,170.0,170.0,32.498573703586665
81,69,63.47368421052619,172.5,172.5,32.10295077974909
81,70,63.47368421052619,175.0,175.0,32.26352403195657
81,71,63.47368421052619,177.5,177.5,38.350585788748944
81,72,63.47368421052619,180.0,-180.0,27.704581670770494
81,76,63.47368421052619,190.0,-170.0,57.8
81,78,63.47368421052619,195.0,-165.0,8.611077960814441
81,79,63.47368421052619,197.5,-162.5,11.70607486773634
81,80,63.47368421052619,200.0,-160.0,15.22894902414621
81,81,63.47368421052619,202.5,-157.5,13.058773607093222
81,82,63.47368421052619,205.0,-155.0,11.180547540600884
81,83,63.47368421052619,207.5,-152.5,14.09931165520991
81,84,63.47368421052619,210.0,-150.0,16.624331627624624
81,85,63.47368421052619,212.5,-147.5,22.803804266121467
81,86,63.47368421052619,215.0,-145.0,15.153844393974964
81,87,63.47368421052619,217.5,-142.5,32.165530959364396
81,88,63.47368421052619,220.0,-140.0,39.86213820242533
81,89,63.47368421052619,222.5,-137.5,37.76839469578853
81,90,63.47368421052619,225.0,-135.0,38.78510071213035
81,91,63.47368421052619,227.5,-132.5,39.42204299725219
81,92,63.47368421052619,230.00000000000003,-130.0,31.746915106287588
81,93,63.47368421052619,232.5,-127.5,23.937826155647198
81,94,63.47368421052619,235.0,-125.0,18.953463166970824
81,95,63.47368421052619,237.49999999999997,-122.5,14.32741790528736
81,96,63.47368421052619,240.0,-120.0,27.266851084318123
81,97,63.47368421052619,242.5,-117.5,34.86980644476789
81,98,63.47368421052619,244.99999999999997,-115.0,26.616726170267302
81,99,63.47368421052619,247.50000000000003,-112.5,42.595352627266195
81,100,63.47368421052619,250.0,-110.0,40.16770356533244
81,101,63.47368421052619,252.5,-107.5,39.20664606995629
81,102,63.47368421052619,254.99999999999997,-105.0,33.32612391839178
81,103,63.47368421052619,257.5,-102.5,32.00637307799719
81,104,63.47368421052619,260.0,-100.0,24.228335729633496
81,105,63.47368421052619,262.5,-97.5,22.779114831009263
81,106,63.47368421052619,265.0,-95.0,12.70915666697586
81,107,63.47368421052619,267.5,-92.5,16.530660062030822
81,108,63.47368421052619,270.0,-90.0,28.734639625568917
81,109,63.47368421052619,272.5,-87.5,30.12022343315193
81,110,63.47368421052619,275.0,-85.0,30.840389407762387
81,111,63.47368421052619,277.5,-82.5,30.56370923214486
81,112,63.47368421052619,280.0,-80.0,28.4
81,113,63.47368421052619,282.5,-77.5,20.382768235718316
81,115,63.47368421052619,287.5,-72.5,12.751280381049241
81,116,63.47368421052619,290.0,-70.0,10.371985490934335
81,117,63.47368421052619,292.5,-67.5,6.088675964521698
81,118,63.47368421052619,295.0,-65.0,3.511102545430454
81,124,63.47368421052619,310.0,-50.0,10.533775910626112
81,135,63.47368421052619,337.5,-22.5,14.520728898443057
81,136,63.47368421052619,340.0,-20.0,31.995084601383148
81,137,63.47368421052619,342.5,-17.5,16.620874325189767
82,5,65.36842105263145,12.5,12.5,5.15215413426575
82,6,65.36842105263145,15.0,15.0,14.871043577338458
82,7,65.36842105263145,17.5,17.5,3.6048612662753783
82,8,65.36842105263145,20.0,20.0,9.533213268301687
82,9,65.36842105263145,22.5,22.5,13.841350359409915
82,10,65.36842105263145,25.0,25.0,16.585817716187755
82,11,65.36842105263145,27.5,27.5,11.630907254676544
82,12,65.36842105263145,30.0,30.0,11.079821229921151
82,13,65.36842105263145,32.5,32.5,12.962860284043948
82,14,65.36842105263145,35.0,35.0,13.153695939660576
82,15,65.36842105263145,37.5,37.5,10.702877097482578
82,16,65.36842105263145,40.0,40.0,10.173739936902443
82,17,65.36842105263145,42.5,42.5,12.848457745560935
82,18,65.36842105263145,45.0,45.0,13.855316783508933
82,19,65.36842105263145,47.5,47.5,4.843485404699205
82,20,65.36842105263145,50.0,50.0,1.9343644896989574
82,21,65.36842105263145,52.5,52.5,2.2666255104429
82,22,65.36842105263145,55.0,55.0,3.004498632824074
82,23,65.36842105263145,57.50000000000001,57.5,3.417013670986343
82,24,65.36842105263145,60.0,60.0,19.346158000490913
82,25,65.36842105263145,62.5,62.5,13.875899556029214
82,26,65.36842105263145,65.0,65.0,14.684146021212769
82,27,65.36842105263145,67.5,67.5,13.7578871538973
82,28,65.36842105263145,70.0,70.0,9.447655929177301
82,29,65.36842105263145,72.5,72.5,5.475603148548863
82,30,65.36842105263145,75.0,75.0,6.641093586068735
82,31,65.36842105263145,77.5,77.5,6.987117657506904
82,32,65.36842105263145,80.0,80.0,7.960036320604058
82,33,65.36842105263145,82.5,82.5,6.739063375744202
82,34,65.36842105263145,85.0,85.0,7.951757758899944
82,35,65.36842105263145,87.5,87.5,29.855870699066458
82,36,65.36842105263145,90.0,90.0,33.93153600938952
82,37,65.36842105263145,92.5,92.5,33.504629635946955
82,38,65.36842105263145,95.0,95.0,20.926519274323745
82,39,65.36842105263145,97.5,97.5,4.392659653538047
82,40,65.36842105263145,100.0,100.0,0.010305782585414435
82,41,65.36842105263145,102.5,102.5,6.8953685668335645
82,42,65.36842105263145,105.0,105.0,33.68350619111477
82,43,65.36842105263145,107.5,107.5,34.1612350295012
82,44,65.36842105263145,110.0,110.0,32.287503834744946
82,45,65.36842105263145,112.5,112.5,31.848353334797675
82,46,65.36842105263145,115.00000000000001,115.0,26.57702831019753
82,47,65.36842105263145,117.5,117.5,23.168418539955447
82,48,65.36842105263145,120.0,120.0,21.744896770169383
82,49,65.36842105263145,122.49999999999999,122.5,25.897321937412013
82,50,65.36842105263145,125.0,125.0,23.076142176217413
82,51,65.36842105263145,127.49999999999999,127.5,40.565697979231096
82,52,65.36842105263145,130.0,130.0,32.83362074663235
82,53,65.36842105263145,132.5,132.5,37.73592392695311
82,54,65.36842105263145,135.0,135.0,36.10495008309916
82,55,65.36842105263145,137.5,137.5,12.106812428990606
82,56,65.36842105263145,140.0,140.0,20.430918473930802
82,57,65.36842105263145,142.5,142.5,19.139939612240763
82,58,65.36842105263145,145.0,145.0,13.947880292885877
82,59,65.36842105263145,147.5,147.5,11.388536479650284
82,60,65.36842105263145,150.0,150.0,34.86174152436732
82,61,65.36842105263145,152.5,152.5,36.325777713112956
82,62,65.36842105263145,155.0,155.0,35.53788440612106
82,63,65.36842105263145,157.5,157.5,29.969096633564078
82,64,65.36842105263145,160.0,160.0,10.407149538420807
82,65,65.36842105263145,162.5,162.5,7.446911167925665
82,66,65.36842105263145,165.0,165.0,9.052618502366615
82,67,65.36842105263145,167.5,167.5,5.450423226439205
82,68,65.36842105263145,170.0,170.0,31.754235511892936
82,69,65.36842105263145,172.5,172.5,33.5258155925992
82,70,65.36842105263145,175.0,175.0,34.10183764609432
82,71,65.36842105263145,177.5,177.5,24.233230160231503
82,72,65.36842105263145,180.0,-180.0,6.124734345490263
82,73,65.36842105263145,182.5,-177.5,22.861521258213408
82,74,65.36842105263145,185.0,-175.0,21.780325201176268
82,75,65.36842105263145,187.5,-172.5,11.821679678581873
82,76,65.36842105263145,190.0,-170.0,4.721205485666521
82,77,65.36842105263145,192.5,-167.5,57.71846478273505
82,78,65.36842105263145,195.0,-165.0,42.95107598818234
82,79,65.36842105263145,197.5,-162.5,36.74148637600197
82,80,65.36842105263145,200.0,-160.0,35.01113877585147
82,81,65.36842105263145,202.5,-157.5,21.66439067178958
82,82,65.36842105263145,205.0,-155.0,10.128303988798507
82,83,65.36842105263145,207.5,-152.5,11.052309427802083
82,84,65.36842105263145,210.0,-150.0,12.618620300238048
82,85,65.36842105263145,212.5,-147.5,16.104468747439682
82,86,65.36842105263145,215.0,-145.0,10.380257832528343
82,87,65.36842105263145,217.5,-142.5,25.334500441983664
82,88,65.36842105263145,220.0,-140.0,39.03348719397341
82,89,65.36842105263145,222.5,-137.5,35.228797686550166
82,90,65.36842105263145,225.0,-135.0,40.89214137109201
82,91,65.36842105263145,227.5,-132.5,35.35082457688104
82,92,65.36842105263145,230.00000000000003,-130.0,33.369055676426555
82,93,65.36842105263145,232.5,-127.5,35.15619091398967
82,94,65.36842105263145,235.0,-125.0,25.8183526814645
82,95,65.36842105263145,237.49999999999997,-122.5,22.762120662315517
82,96,65.36842105263145,240.0,-120.0,51.64521376467482
82,97,65.36842105263145,242.5,-117.5,49.90997338699655
82,98,65.36842105263145,244.99999999999997,-115.0,36.18428146182195
82,99,65.36842105263145,247.50000000000003,-112.5,38.175698953703915
82,100,65.36842105263145,250.0,-110.0,32.61672226633034
82,101,65.36842105263145,252.5,-107.5,22.282546527782383
82,102,65.36842105263145,254.99999999999997,-105.0,4.614601749612518
82,103,65.36842105263145,257.5,-102.5,15.924843466841017
82,104,65.36842105263145,260.0,-100.0,22.598857402919688
82,105,65.36842105263145,262.5,-97.5,16.248996170716893
82,106,65.36842105263145,265.0,-95.0,27.32554001835986
82,107,65.36842105263145,267.5,-92.5,26.063223742897485
82,108,65.36842105263145,270.0,-90.0,22.930145206905024
82,109,65.36842105263145,272.5,-87.5,26.066061192675406
82,110,65.36842105263145,275.0,-85.0,28.115779113443764
82,111,65.36842105263145,277.5,-82.5,20.854794604448344
82,113,65.36842105263145,282.5,-77.5,13.625333082445685
82,114,65.36842105263145,285.0,-75.0,15.426478943153132
82,115,65.36842105263145,287.5,-72.5,13.59226117308576
82,116,65.36842105263145,290.0,-70.0,11.31598436425493
82,117,65.36842105263145,292.5,-67.5,6.477784383318003
82,118,65.36842105263145,295.0,-65.0,2.500327987778711
82,119,65.36842105263145,297.5,-62.5,2.4346172773806227
82,123,65.36842105263145,307.5,-52.5,11.722820822101944
82,135,65.36842105263145,337.5,-22.5,33.17576021427783
82,136,65.36842105263145,340.0,-20.0,27.068943758375113
82,137,65.36842105263145,342.5,-17.5,18.882317868449576
82,138,65.36842105263145,345.0,-15.0,17.985430355787127
83,6,67.26315789473671,15.0,15.0,8.065725133115834
83,7,67.26315789473671,17.5,17.5,20.368556581394323
83,8,67.26315789473671,20.0,20.0,8.382400312751244
83,9,67.26315789473671,22.5,22.5,2.0103715430232825
83,10,67.26315789473671,25.0,25.0,5.000914081294957
83,11,67.26315789473671,27.5,27.5,2.612414721054897
83,12,67.26315789473671,30.0,30.0,2.4966835238142124
83,13,67.26315789473671,32.5,32.5,2.5981737513894796
83,14,67.26315789473671,35.0,35.0,4.8949718565842275
83,15,67.26315789473671,37.5,37.5,3.826249559305572
83,16,67.26315789473671,40.0,40.0,6.339101017565774
83,17,67.26315789473671,42.5,42.5,9.381955659536322
83,18,67.26315789473671,45.0,45.0,9.581839277446049
83,19,67.26315789473671,47.5,47.5,4.357427536563095
83,20,67.26315789473671,50.0,50.0,5.246077510172171
83,21,67.26315789473671,52.5,52.5,5.096939783571322
83,22,67.26315789473671,55.0,55.0,6.168492460360046
83,23,67.26315789473671,57.50000000000001,57.5,8.513286299733213
83,24,67.26315789473671,60.0,60.0,11.519160843076726
83,25,67.26315789473671,62.5,62.5,12.572408618081614
83,26,67.26315789473671,65.0,65.0,20.934512728201653
83,27,67.26315789473671,67.5,67.5,13.183571620875977
83,28,67.26315789473671,70.0,70.0,13.407289227996067
83,29,67.26315789473671,72.5,72.5,17.993617545790066
83,30,67.26315789473671,75.0,75.0,26.26372430422201
83,31,67.26315789473671,77.5,77.5,31.45568790737982
83,32,67.26315789473671,80.0,80.0,30.30068891054589
83,33,67.26315789473671,82.5,82.5,25.211501603846827
83,34,67.26315789473671,85.0,85.0,24.35502653207867
83,35,67.26315789473671,87.5,87.5,41.43515137888398
83,36,67.26315789473671,90.0,90.0,25.31313058597828
83,37,67.26315789473671,92.5,92.5,5.932056396948308
83,38,67.26315789473671,95.0,95.0,3.9188464813053754
83,39,67.26315789473671,97.5,97.5,2.8044507485022137
83,40,67.26315789473671,100.0,100.0,0.5407061328961531
83,41,67.26315789473671,102.5,102.5,0.2243796605011981
83,42,67.26315789473671,105.0,105.0,12.701525224701037
83,43,67.26315789473671,107.5,107.5,20.02354229105484
83,44,67.26315789473671,110.0,110.0,32.36947454845434
83,45,67.26315789473671,112.5,112.5,33.47847307922865
83,46,67.26315789473671,115.00000000000001,115.0,33.69433491219131
83,47,67.26315789473671,117.5,117.5,20.394061147453545
83,48,67.26315789473671,120.0,120.0,18.45077822378585
83,49,67.26315789473671,122.49999999999999,122.5,18.087704207661833
83,50,67.26315789473671,125.0,125.0,23.484787793280802
83,51,67.26315789473671,127.49999999999999,127.5,25.443547161407146
83,52,67.26315789473671,130.0,130.0,26.978005688805727
83,53,67.26315789473671,132.5,132.5,37.40891552079678
83,54,67.26315789473671,135.0,135.0,38.4176589216218
83,55,67.26315789473671,137.5,137.5,24.360865612792256
83,56,67.26315789473671,140.0,140.0,19.468442587623127
83,57,67.26315789473671,142.5,142.5,34.265591281845616
83,58,67.26315789473671,145.0,145.0,25.988653089948926
83,59,67.26315789473671,147.5,147.5,34.1531091204529
83,60,67.26315789473671,150.0,150.0,35.592352803418486
83,61,67.26315789473671,152.5,152.5,34.732191582009996
83,62,67.26315789473671,155.0,155.0,36.73705318500782
83,63,67.26315789473671,157.5,157.5,24.872894433716098
83,64,67.26315789473671,160.0,160.0,13.575449613354827
83,65,67.26315789473671,162.5,162.5,16.221874835593507
83,66,67.26315789473671,165.0,165.0,2.838778063900243
83,67,67.26315789473671,167.5,167.5,7.865247438138955
83,68,67.26315789473671,170.0,170.0,15.542315977489611
83,69,67.26315789473671,172.5,172.5,13.215561404928609
83,70,67.26315789473671,175.0,175.0,15.199900003797989
83,71,67.26315789473671,177.5,177.5,8.970099240772342
83,72,67.26315789473671,180.0,-180.0,8.32913202473543
83,73,67.26315789473671,182.5,-177.5,12.49326130108782
83,74,67.26315789473671,185.0,-175.0,8.369618042299086
83,75,67.26315789473671,187.5,-172.5,4.498474976966954
83,78,67.26315789473671,195.0,-165.0,35.08440489625874
83,79,67.26315789473671,197.5,-162.5,28.023462525415155
83,80,67.26315789473671,200.0,-160.0,21.299042313635397
83,81,67.26315789473671,202.5,-157.5,22.629516726728095
83,82,67.26315789473671,205.0,-155.0,14.728703191152775
83,83,67.26315789473671,207.5,-152.5,18.028544652894603
83,84,67.26315789473671,210.0,-150.0,29.116953815462367
83,85,67.26315789473671,212.5,-147.5,20.642915651436226
83,86,67.26315789473671,215.0,-145.0,12.74442741326498
83,87,67.26315789473671,217.5,-142.5,21.538436869627724
83,88,67.26315789473671,220.0,-140.0,41.34767426088638
83,89,67.26315789473671,222.5,-137.5,34.53748497854196
83,90,67.26315789473671,225.0,-135.0,38.10504213354512
83,91,67.26315789473671,227.5,-132.5,39.470410186809474
83,92,67.26315789473671,230.00000000000003,-130.0,36.2215815013968
83,93,67.26315789473671,232.5,-127.5,44.008604553036164
83,94,67.26315789473671,235.0,-125.0,48.671114254573176
83,95,67.26315789473671,237.49999999999997,-122.5,36.58632791711655
83,96,67.26315789473671,240.0,-120.0,24.145635613448952
83,97,67.26315789473671,242.5,-117.5,15.479999013663615
83,98,67.26315789473671,244.99999999999997,-115.0,13.166756101988783
83,99,67.26315789473671,247.50000000000003,-112.5,20.183476471801825
83,100,67.26315789473671,250.0,-110.0,12.700433424984103
83,101,67.26315789473671,252.5,-107.5,11.644423213122854
83,102,67.26315789473671,254.99999999999997,-105.0,7.974001377280234
83,103,67.26315789473671,257.5,-102.5,15.526340316550323
83,104,67.26315789473671,260.0,-100.0,20.536396042553733
83,105,67.26315789473671,262.5,-97.5,23.116858385195545
83,106,67.26315789473671,265.0,-95.0,25.521674098086372
83,107,67.26315789473671,267.5,-92.5,17.776658230802084
83,108,67.26315789473671,270.0,-90.0,15.970145022911957
83,109,67.26315789473671,272.5,-87.5,18.03328145178026
83,110,67.26315789473671,275.0,-85.0,16.004363573600507
83,111,67.26315789473671,277.5,-82.5,13.698288756806136
83,113,67.26315789473671,282.5,-77.5,15.607267121597616
83,114,67.26315789473671,285.0,-75.0,16.663122474451594
83,115,67.26315789473671,287.5,-72.5,14.200153123581352
83,116,67.26315789473671,290.0,-70.0,9.766902031079361
83,117,67.26315789473671,292.5,-67.5,3.204706799040416
83,118,67.26315789473671,295.0,-65.0,0.297198973080782
83,119,67.26315789473671,297.5,-62.5,4.019356488778385
83,123,67.26315789473671,307.5,-52.5,13.308104788373802
83,124,67.26315789473671,310.0,-50.0,13.557417068117495
84,6,69.15789473684197,15.0,15.0,5.4119246722695635
84,7,69.15789473684197,17.5,17.5,8.925102612181625
84,8,69.15789473684197,20.0,20.0,17.996263733524785
84,9,69.15789473684197,22.5,22.5,31.433654289039197
84,10,69.15789473684197,25.0,25.0,10.342710906435853
84,11,69.15789473684197,27.5,27.5,4.204477620777659
84,12,69.15789473684197,30.0,30.0,4.08235332677792
84,13,69.15789473684197,32.5,32.5,2.8887431483378236
84,14,69.15789473684197,35.0,35.0,3.4976413862098212
84,15,69.15789473684197,37.5,37.5,4.01946711445558
84,18,69.15789473684197,45.0,45.0,6.539944740478025
84,19,69.15789473684197,47.5,47.5,8.731120290916607
84,20,69.15789473684197,50.0,50.0,10.862424904448282
84,21,69.15789473684197,52.5,52.5,16.166542734661196
84,22,69.15789473684197,55.0,55.0,24.984671525222737
84,23,69.15789473684197,57.50000000000001,57.5,24.128053681948096
84,24,69.15789473684197,60.0,60.0,34.74027833114153
84,25,69.15789473684197,62.5,62.5,31.77536706546343
84,26,69.15789473684197,65.0,65.0,33.75324101395217
84,27,69.15789473684197,67.5,67.5,37.418368780972386
84,28,69.15789473684197,70.0,70.0,38.699048562719014
84,29,69.15789473684197,72.5,72.5,43.041613855486816
84,30,69.15789473684197,75.0,75.0,39.04221359743715
84,31,69.15789473684197,77.5,77.5,29.266027939546717
84,32,69.15789473684197,80.0,80.0,27.823827092686216
84,33,69.15789473684197,82.5,82.5,29.86572496207536
84,34,69.15789473684197,85.0,85.0,32.45904509111747
84,35,69.15789473684197,87.5,87.5,25.949027833017162
84,36,69.15789473684197,90.0,90.0,12.376912031889983
84,37,69.15789473684197,92.5,92.5,21.800693622702312
84,38,69.15789473684197,95.0,95.0,23.698753916965032
84,39,69.15789473684197,97.5,97.5,16.468717096793135
84,40,69.15789473684197,100.0,100.0,7.5039472362564865
84,41,69.15789473684197,102.5,102.5,1.877890135995948
84,42,69.15789473684197,105.0,105.0,1.8593023307854626
84,43,69.15789473684197,107.5,107.5,1.8207034362631105
84,44,69.15789473684197,110.0,110.0,9.73202251052354
84,45,69.15789473684197,112.5,112.5,18.65400217461208
84,46,69.15789473684197,115.00000000000001,115.0,21.068924934005494
84,47,69.15789473684197,117.5,117.5,12.959583833585878
84,48,69.15789473684197,120.0,120.0,24.68017674913328
84,49,69.15789473684197,122.49999999999999,122.5,19.72233902146189
84,50,69.15789473684197,125.0,125.0,29.034140648926833
84,51,69.15789473684197,127.49999999999999,127.5,24.585116482927468
84,52,69.15789473684197,130.0,130.0,19.974941084230696
84,53,69.15789473684197,132.5,132.5,37.946164912765944
84,54,69.15789473684197,135.0,135.0,40.5691722571785
84,55,69.15789473684197,137.5,137.5,33.556872235675485
84,56,69.15789473684197,140.0,140.0,22.059552493464405
84,57,69.15789473684197,142.5,142.5,31.670569795961804
84,58,69.15789473684197,145.0,145.0,35.803999422795385
84,59,69.15789473684197,147.5,147.5,35.51719256468126
84,60,69.15789473684197,150.0,150.0,20.844953487840684
84,61,69.15789473684197,152.5,152.5,26.93488245197592
84,62,69.15789473684197,155.0,155.0,30.361895631691137
84,63,69.15789473684197,157.5,157.5,26.223910423751544
84,64,69.15789473684197,160.0,160.0,23.362495354886896
84,65,69.15789473684197,162.5,162.5,15.939434088428499
84,66,69.15789473684197,165.0,165.0,7.003358650581191
84,67,69.15789473684197,167.5,167.5,7.971384961782757
84,68,69.15789473684197,170.0,170.0,16.75766476800834
84,69,69.15789473684197,172.5,172.5,12.981348587899806
84,70,69.15789473684197,175.0,175.0,14.09392793250095
84,71,69.15789473684197,177.5,177.5,4.935987313610042
84,72,69.15789473684197,180.0,-180.0,4.994530802768601
84,78,69.15789473684197,195.0,-165.0,1.9942277085280935
84,79,69.15789473684197,197.5,-162.5,4.0233652587884725
84,80,69.15789473684197,200.0,-160.0,3.0253223789610963
84,81,69.15789473684197,202.5,-157.5,1.764276272163941
84,82,69.15789473684197,205.0,-155.0,9.1373632075885
84,83,69.15789473684197,207.5,-152.5,37.509251078749735
84,84,69.15789473684197,210.0,-150.0,33.48616421289607
84,85,69.15789473684197,212.5,-147.5,16.67691753786654
84,86,69.15789473684197,215.0,-145.0,7.988326520463154
84,87,69.15789473684197,217.5,-142.5,9.403895257647314
84,88,69.15789473684197,220.0,-140.0,5.510688188317668
84,89,69.15789473684197,222.5,-137.5,30.252533530400388
84,90,69.15789473684197,225.0,-135.0,33.902720581682075
84,91,69.15789473684197,227.5,-132.5,39.95257094124251
84,92,69.15789473684197,230.00000000000003,-130.0,28.212985047522988
84,93,69.15789473684197,232.5,-127.5,15.662257523432501
84,94,69.15789473684197,235.0,-125.0,13.840747975362682
84,95,69.15789473684197,237.49999999999997,-122.5,19.912256354813692
84,96,69.15789473684197,240.0,-120.0,28.29230300714154
84,97,69.15789473684197,242.5,-117.5,30.634777309981352
84,98,69.15789473684197,244.99999999999997,-115.0,25.073548502038925
84,99,69.15789473684197,247.50000000000003,-112.5,19.09384613219484
84,100,69.15789473684197,250.0,-110.0,20.561822458052568
84,101,69.15789473684197,252.5,-107.5,23.517552369157336
84,102,69.15789473684197,254.99999999999997,-105.0,20.180253066462953
84,103,69.15789473684197,257.5,-102.5,12.262519791918898
84,105,69.15789473684197,262.5,-97.5,17.435864435880724
84,106,69.15789473684197,265.0,-95.0,19.823575075760495
84,107,69.15789473684197,267.5,-92.5,17.684431883978654
84,108,69.15789473684197,270.0,-90.0,17.818473465895785
84,109,69.15789473684197,272.5,-87.5,15.781759941982209
84,110,69.15789473684197,275.0,-85.0,13.406477300565811
84,111,69.15789473684197,277.5,-82.5,12.17752210991322
84,112,69.15789473684197,280.0,-80.0,12.097590776315315
84,113,69.15789473684197,282.5,-77.5,13.52359228840092
84,114,69.15789473684197,285.0,-75.0,12.045618861404755
84,115,69.15789473684197,287.5,-72.5,7.412140888949523
84,116,69.15789473684197,290.0,-70.0,3.9268661365322544
84,117,69.15789473684197,292.5,-67.5,1.235303304460615
84,122,69.15789473684197,305.0,-55.0,2.7110960973465623
84,123,69.15789473684197,307.5,-52.5,8.443144812040416
84,124,69.15789473684197,310.0,-50.0,10.947200295416309
84,135,69.15789473684197,337.5,-22.5,6.666666666666657
85,9,71.05263157894723,22.5,22.5,8.82496909395142
85,10,71.05263157894723,25.0,25.0,11.42259424602528
85,11,71.05263157894723,27.5,27.5,21.851868047804295
85,12,71.05263157894723,30.0,30.0,25.10820297704646
85,21,71.05263157894723,52.5,52.5,27.22896748032353
85,22,71.05263157894723,55.0,55.0,27.862538629174356
85,23,71.05263157894723,57.50000000000001,57.5,40.08900448969197
85,24,71.05263157894723,60.0,60.0,33.83771987260059
85,27,71.05263157894723,67.5,67.5,27.198241674640055
85,28,71.05263157894723,70.0,70.0,19.229728669611816
85,29,71.05263157894723,72.5,72.5,8.128154133451023
85,30,71.05263157894723,75.0,75.0,1.6069074407276303
85,31,71.05263157894723,77.5,77.5,1.9338069722183597
85,32,71.05263157894723,80.0,80.0,1.010446255036038
85,33,71.05263157894723,82.5,82.5,1.3323755789174103
85,34,71.05263157894723,85.0,85.0,0.41754688138314905
85,35,71.05263157894723,87.5,87.5,6.415367370151074
85,36,71.05263157894723,90.0,90.0,9.491469067983669
85,37,71.05263157894723,92.5,92.5,2.7749565488191257
85,38,71.05263157894723,95.0,95.0,1.4259223751515793
85,39,71.05263157894723,97.5,97.5,1.3367840948541503
85,40,71.05263157894723,100.0,100.0,3.4897009669409575
85,41,71.05263157894723,102.5,102.5,4.168200840010478
85,42,71.05263157894723,105.0,105.0,8.83264344687615
85,43,71.05263157894723,107.5,107.5,10.286708415363737
85,44,71.05263157894723,110.0,110.0,3.766918570904612
85,45,71.05263157894723,112.5,112.5,10.333011167852886
85,46,71.05263157894723,115.00000000000001,115.0,10.796559427576767
85,47,71.05263157894723,117.5,117.5,12.085263361553132
85,48,71.05263157894723,120.0,120.0,14.36508021882257
85,49,71.05263157894723,122.49999999999999,122.5,13.350310567313358
85,50,71.05263157894723,125.0,125.0,22.331922767306253
85,51,71.05263157894723,127.49999999999999,127.5,27.70705787420516
85,52,71.05263157894723,130.0,130.0,35.7429246811019
85,53,71.05263157894723,132.5,132.5,19.027863897713445
85,54,71.05263157894723,135.0,135.0,21.435851024269567
85,55,71.05263157894723,137.5,137.5,22.676327769755147
85,56,71.05263157894723,140.0,140.0,25.549138416150345
85,57,71.05263157894723,142.5,142.5,33.031212124395466
85,58,71.05263157894723,145.0,145.0,40.03149886730211
85,59,71.05263157894723,147.5,147.5,5.8359979253160486
85,60,71.05263157894723,150.0,150.0,7.161209460544914
85,61,71.05263157894723,152.5,152.5,24.632078122282202
85,62,71.05263157894723,155.0,155.0,22.79169154172409
85,63,71.05263157894723,157.5,157.5,9.519900595716054
85,64,71.05263157894723,160.0,160.0,8.123736249356718
85,72,71.05263157894723,180.0,-180.0,2.022222222222222
85,73,71.05263157894723,182.5,-177.5,1.1999999999999922
85,79,71.05263157894723,197.5,-162.5,27.173927309628674
85,80,71.05263157894723,200.0,-160.0,11.176025111525567
85,81,71.05263157894723,202.5,-157.5,10.596069417839583
85,82,71.05263157894723,205.0,-155.0,13.849249380747192
85,83,71.05263157894723,207.5,-152.5,45.62324895647251
85,84,71.05263157894723,210.0,-150.0,38.62133981927028
85,85,71.05263157894723,212.5,-147.5,30.23640391082042
85,94,71.05263157894723,235.0,-125.0,11.676056019429232
85,95,71.05263157894723,237.49999999999997,-122.5,7.931274086902718
85,96,71.05263157894723,240.0,-120.0,11.558360254168726
85,97,71.05263157894723,242.5,-117.5,14.0728440329394
85,98,71.05263157894723,244.99999999999997,-115.0,11.87966593250033
85,99,71.05263157894723,247.50000000000003,-112.5,10.261103489041567
85,100,71.05263157894723,250.0,-110.0,9.632138298234992
85,101,71.05263157894723,252.5,-107.5,10.9239923186909
85,102,71.05263157894723,254.99999999999997,-105.0,10.186621324660386
85,103,71.05263157894723,257.5,-102.5,10.178514118820864
85,104,71.05263157894723,260.0,-100.0,7.718558062407112
85,105,71.05263157894723,262.5,-97.5,9.542911361343556
85,106,71.05263157894723,265.0,-95.0,9.683156259297917
85,107,71.05263157894723,267.5,-92.5,11.559816515703751
85,108,71.05263157894723,270.0,-90.0,11.707749391435705
85,109,71.05263157894723,272.5,-87.5,13.529750756988278
85,110,71.05263157894723,275.0,-85.0,13.713409527208597
85,111,71.05263157894723,277.5,-82.5,11.32136675030825
85,112,71.05263157894723,280.0,-80.0,10.434538517735895
85,113,71.05263157894723,282.5,-77.5,6.364630125136081
85,114,71.05263157894723,285.0,-75.0,2.3119456013866824
85,115,71.05263157894723,287.5,-72.5,1.557850899423613
85,116,71.05263157894723,290.0,-70.0,1.7097984115008273
85,122,71.05263157894723,305.0,-55.0,2.2288681591667796
85,123,71.05263157894723,307.5,-52.5,2.0703005341364857
85,134,71.05263157894723,335.0,-25.0,2.097038592535455
85,135,71.05263157894723,337.5,-22.5,5.276293253871856
86,21,72.94736842105249,52.5,52.5,20.894581487267235
86,22,72.94736842105249,55.0,55.0,23.982552697022307
86,23,72.94736842105249,57.50000000000001,57.5,22.022380664706027
86,28,72.94736842105249,70.0,70.0,7.3522686400103225
86,29,72.94736842105249,72.5,72.5,8.388558465128494
86,30,72.94736842105249,75.0,75.0,9.775941708681293
86,31,72.94736842105249,77.5,77.5,9.724533820043389
86,32,72.94736842105249,80.0,80.0,4.877564705539881
86,33,72.94736842105249,82.5,82.5,1.3661452715259266
86,34,72.94736842105249,85.0,85.0,1.6581973055497308
86,35,72.94736842105249,87.5,87.5,2.032827938577644
86,36,72.94736842105249,90.0,90.0,2.8458206862544286
86,37,72.94736842105249,92.5,92.5,4.989171715766164
86,38,72.94736842105249,95.0,95.0,3.0600066028839468
86,39,72.94736842105249,97.5,97.5,2.317062444756827
86,40,72.94736842105249,100.0,100.0,2.078190728446103
86,41,72.94736842105249,102.5,102.5,1.9942522808546124
86,42,72.94736842105249,105.0,105.0,3.531777678103131
86,43,72.94736842105249,107.5,107.5,3.8812766591849206
86,44,72.94736842105249,110.0,110.0,13.398304953336304
86,45,72.94736842105249,112.5,112.5,22.698555213114332
86,46,72.94736842105249,115.00000000000001,115.0,23.498667522915582
86,47,72.94736842105249,117.5,117.5,18.19108762016242
86,48,72.94736842105249,120.0,120.0,18.053518815202295
86,49,72.94736842105249,122.49999999999999,122.5,19.64400577295001
86,50,72.94736842105249,125.0,125.0,27.87809154116431
86,51,72.94736842105249,127.49999999999999,127.5,24.316111271890726
86,52,72.94736842105249,130.0,130.0,27.599680026331285
86,56,72.94736842105249,140.0,140.0,42.14697738609283
86,57,72.94736842105249,142.5,142.5,36.540511279207166
86,58,72.94736842105249,145.0,145.0,20.763498211044677
86,59,72.94736842105249,147.5,147.5,12.03258528316203
86,94,72.94736842105249,235.0,-125.0,9.904767361228593
86,95,72.94736842105249,237.49999999999997,-122.5,2.670914576587787
86,96,72.94736842105249,240.0,-120.0,3.7413663270388398
86,97,72.94736842105249,242.5,-117.5,4.587420378034764
86,98,72.94736842105249,244.99999999999997,-115.0,3.7931193930201985
86,99,72.94736842105249,247.50000000000003,-112.5,4.0961039749770265
86,100,72.94736842105249,250.0,-110.0,7.462227341077821
86,101,72.94736842105249,252.5,-107.5,5.919977101683955
86,102,72.94736842105249,254.99999999999997,-105.0,5.6168518062022486
86,103,72.94736842105249,257.5,-102.5,5.400000000000006
86,104,72.94736842105249,260.0,-100.0,4.7057357136799
86,105,72.94736842105249,262.5,-97.5,5.934989776916616
86,106,72.94736842105249,265.0,-95.0,4.089111923027417
86,107,72.94736842105249,267.5,-92.5,5.288134900863042
86,108,72.94736842105249,270.0,-90.0,9.754575096278629
86,109,72.94736842105249,272.5,-87.5,9.778599782976485
86,110,72.94736842105249,275.0,-85.0,12.2794321785871
86,111,72.94736842105249,277.5,-82.5,5.638606970226846
86,112,72.94736842105249,280.0,-80.0,7.421031440717336
86,113,72.94736842105249,282.5,-77.5,3.80084357535857
86,122,72.94736842105249,305.0,-55.0,1.8946329211025983
86,134,72.94736842105249,335.0,-25.0,0.3997631576260545
86,135,72.94736842105249,337.5,-22.5,3.0598826108297885
86,136,72.94736842105249,340.0,-20.0,2.9329789957863497
87,22,74.84210526315775,55.0,55.0,18.3720942489642
87,23,74.84210526315775,57.50000000000001,57.5,11.916031009181914
87,24,74.84210526315775,60.0,60.0,12.633333333333276
87,35,74.84210526315775,87.5,87.5,5.6454419209212645
87,36,74.84210526315775,90.0,90.0,7.579232187787008
87,37,74.84210526315775,92.5,92.5,21.889359427264075
87,38,74.84210526315775,95.0,95.0,24.953691522430237
87,39,74.84210526315775,97.5,97.5,16.907913766706937
87,40,74.84210526315775,100.0,100.0,13.180287921464943
87,41,74.84210526315775,102.5,102.5,16.764830628374284
87,42,74.84210526315775,105.0,105.0,14.847695278245185
87,43,74.84210526315775,107.5,107.5,15.511274762330457
87,44,74.84210526315775,110.0,110.0,17.318178661748888
87,45,74.84210526315775,112.5,112.5,17.304854330167842
87,55,74.84210526315775,137.5,137.5,17.522484929462664
87,56,74.84210526315775,140.0,140.0,19.6675640611096
87,57,74.84210526315775,142.5,142.5,14.417398034840502
87,58,74.84210526315775,145.0,145.0,9.8134914401586
87,59,74.84210526315775,147.5,147.5,21.48343188484998
87,60,74.84210526315775,150.0,150.0,19.666666666666668
87,94,74.84210526315775,235.0,-125.0,2.008264604541708
87,95,74.84210526315775,237.49999999999997,-122.5,1.013458579281035
87,96,74.84210526315775,240.0,-120.0,1.840405395742991
87,97,74.84210526315775,242.5,-117.5,1.5783558189591531
87,98,74.84210526315775,244.99999999999997,-115.0,0.8789252084723529
87,99,74.84210526315775,247.50000000000003,-112.5,0.7060639893664842
87,100,74.84210526315775,250.0,-110.0,0.6222185424472286
87,101,74.84210526315775,252.5,-107.5,0.6084329277175292
87,102,74.84210526315775,254.99999999999997,-105.0,0.7075344146317235
87,103,74.84210526315775,257.5,-102.5,0.6531633183815302
87,104,74.84210526315775,260.0,-100.0,1.0481490575178185
87,105,74.84210526315775,262.5,-97.5,1.2857534378243116
87,106,74.84210526315775,265.0,-95.0,1.2979339410545094
87,107,74.84210526315775,267.5,-92.5,3.301733752203134
87,108,74.84210526315775,270.0,-90.0,3.9776015369515534
87,109,74.84210526315775,272.5,-87.5,4.301310912535115
87,110,74.84210526315775,275.0,-85.0,3.9236859757353386
87,111,74.84210526315775,277.5,-82.5,2.52500000000002
87,112,74.84210526315775,280.0,-80.0,7.047873585949304
87,136,74.84210526315775,340.0,-20.0,1.7317775252647039
87,137,74.84210526315775,342.5,-17.5,3.3999999999999915
88,6,76.73684210526301,15.0,15.0,5.1147549001050265
88,27,76.73684210526301,67.5,67.5,5.46544064042196
88,37,76.73684210526301,92.5,92.5,23.173903840898106
88,38,76.73684210526301,95.0,95.0,22.972447058689045
88,39,76.73684210526301,97.5,97.5,21.84449655150183
88,40,76.73684210526301,100.0,100.0,16.374494788025704
88,41,76.73684210526301,102.5,102.5,19.78517569791516
88,42,76.73684210526301,105.0,105.0,25.844537808263347
88,43,76.73684210526301,107.5,107.5,23.643941825084617
88,44,76.73684210526301,110.0,110.0,23.27110769798344
88,45,76.73684210526301,112.5,112.5,11.80535770382554
88,55,76.73684210526301,137.5,137.5,18.89744181769312
88,56,76.73684210526301,140.0,140.0,19.032613375553296
88,57,76.73684210526301,142.5,142.5,10.980972159198686
88,95,76.73684210526301,237.49999999999997,-122.5,0.3999999999999915
88,96,76.73684210526301,240.0,-120.0,0.3550461749086651
88,97,76.73684210526301,242.5,-117.5,0.4643869102688427
88,98,76.73684210526301,244.99999999999997,-115.0,0.6357070458551846
88,99,76.73684210526301,247.50000000000003,-112.5,0.43032058389049155
88,100,76.73684210526301,250.0,-110.0,0.43527883995294303
88,101,76.73684210526301,252.5,-107.5,0.43598082401352656
88,102,76.73684210526301,254.99999999999997,-105.0,0.5071066556321
88,103,76.73684210526301,257.5,-102.5,0.4654769288462717
88,104,76.73684210526301,260.0,-100.0,0.45385685146585786
88,105,76.73684210526301,262.5,-97.5,0.5895830321145183
88,106,76.73684210526301,265.0,-95.0,0.6083131861415296
88,107,76.73684210526301,267.5,-92.5,0.758857633263716
88,108,76.73684210526301,270.0,-90.0,1.4709743203753476
88,109,76.73684210526301,272.5,-87.5,2.211644739491746
88,110,76.73684210526301,275.0,-85.0,1.912848100223897
88,111,76.73684210526301,277.5,-82.5,1.086389864286744
88,112,76.73684210526301,280.0,-80.0,0.7476368625786733
88,113,76.73684210526301,282.5,-77.5,0.9999999999999999
88,116,76.73684210526301,290.0,-70.0,1.270810989423282
88,117,76.73684210526301,292.5,-67.5,0.5188822552989336
88,136,76.73684210526301,340.0,-20.0,1.4314364197150269
88,137,76.73684210526301,342.5,-17.5,1.4433917356808337
89,6,78.63157894736827,15.0,15.0,5.97108914379254
89,7,78.63157894736827,17.5,17.5,5.89182084446999
89,40,78.63157894736827,100.0,100.0,13.393861728961951
89,41,78.63157894736827,102.5,102.5,8.180619328862292
89,42,78.63157894736827,105.0,105.0,4.020000000000024
89,99,78.63157894736827,247.50000000000003,-112.5,0.14296195744839224
89,100,78.63157894736827,250.0,-110.0,0.20000000000001705
89,102,78.63157894736827,254.99999999999997,-105.0,0.12857142857143344
89,103,78.63157894736827,257.5,-102.5,0.4247523237008295
89,104,78.63157894736827,260.0,-100.0,0.5819896113058434
89,105,78.63157894736827,262.5,-97.5,0.6409316287216313
89,106,78.63157894736827,265.0,-95.0,0.3918891535557094
89,107,78.63157894736827,267.5,-92.5,0.3819097275799521
89,108,78.63157894736827,270.0,-90.0,0.31869835103988464
89,109,78.63157894736827,272.5,-87.5,2.288342855523368
89,110,78.63157894736827,275.0,-85.0,2.0086817769093983
89,111,78.63157894736827,277.5,-82.5,1.0585500865712945
89,115,78.63157894736827,287.5,-72.5,0.3612390748000678
89,116,78.63157894736827,290.0,-70.0,0.345838549356003
89,117,78.63157894736827,292.5,-67.5,0.12242172414963193
89,118,78.63157894736827,295.0,-65.0,0.36872004657799096
89,136,78.63157894736827,340.0,-20.0,2.0240914377962866
90,104,80.52631578947353,260.0,-100.0,0.29999999999998295
90,106,80.52631578947353,265.0,-95.0,0.040521901155528894
90,107,80.52631578947353,267.5,-92.5,0.14400845534868267
90,108,80.52631578947353,270.0,-90.0,0.14526946243475436
90,109,80.52631578947353,272.5,-87.5,1.1487552675552664
90,110,80.52631578947353,275.0,-85.0,1.6742398347609466
90,111,80.52631578947353,277.5,-82.5,0.30661701275545283
90,117,80.52631578947353,292.5,-67.5,0.6781554273805597
90,134,80.52631578947353,335.0,-25.0,0.9205297663179266
90,135,80.52631578947353,337.5,-22.5,0.28424194549177173
90,136,80.52631578947353,340.0,-20.0,0.1983754504473012
91,108,82.42105263157879,270.0,-90.0,0.38000000000000966
91,110,82.42105263157879,275.0,-85.0,0.4714285714285751
91,111,82.42105263157879,277.5,-82.5,0.16666666666668561
91,118,82.42105263157879,295.0,-65.0,0.026861988436230888
91,119,82.42105263157879,297.5,-62.5,0.0630528398093162
