variable,dims,multilevel,level_dim,dtype,shape,mib_per_rec,units,long_name,branch
ACTUAL_IMMOB,"time,lat,lon",False,,float64,"1,96,144",0.10546875,gN/m^2/s,actual N immobilization,(unexpected)
AGNPP,"time,lat,lon",False,,float64,"1,96,144",0.10546875,gC/m^2/s,aboveground NPP,(unexpected)
ALT,"time,lat,lon",False,,float64,"1,96,144",0.10546875,m,current active layer thickness,(unexpected)
ALTMAX,"time,lat,lon",False,,float64,"1,96,144",0.10546875,m,maximum annual active layer thickness,(unexpected)
AR,"time,lat,lon",False,,float64,"1,96,144",0.10546875,gC/m^2/s,autotrophic respiration (MR + GR),carbon
ATM_TOPO,"time,lat,lon",False,,float64,"1,96,144",0.10546875,m,atmospheric surface height,(unexpected)
BAF_CROP,"time,lat,lon",False,,float64,"1,96,144",0.10546875,proportion/sec,fractional area burned for crop,(unexpected)
BAF_PEATF,"time,lat,lon",False,,float64,"1,96,144",0.10546875,proportion/sec,fractional area burned in peatland,(unexpected)
BCDEP,"time,lat,lon",False,,float64,"1,96,144",0.10546875,kg/m^2/s,total BC deposition (dry+wet) from atmosphere,(unexpected)
BGNPP,"time,lat,lon",False,,float64,"1,96,144",0.10546875,gC/m^2/s,belowground NPP,(unexpected)
BSW,"levgrnd,lat,lon",True,levgrnd,float64,"25,96,144",2.63671875,unitless,slope of soil water retention curve,(unexpected)
BTRAN2,"time,lat,lon",False,,float64,"1,96,144",0.10546875,unitless,root zone soil wetness factor,(unexpected)
BTRANMN,"time,lat,lon",False,,float64,"1,96,144",0.10546875,unitless,daily minimum of transpiration beta factor,megan_drivers
CH4PROD,"time,lat,lon",False,,float64,"1,96,144",0.10546875,gC/m2/s,Gridcell total production of CH4,(unexpected)
CH4_SURF_AERE_SAT,"time,lat,lon",False,,float64,"1,96,144",0.10546875,mol/m2/s,aerenchyma surface CH4 flux for inundated area; (+ to atm),(unexpected)
CH4_SURF_AERE_UNSAT,"time,lat,lon",False,,float64,"1,96,144",0.10546875,mol/m2/s,aerenchyma surface CH4 flux for non-inundated area; (+ to atm),(unexpected)
CH4_SURF_DIFF_SAT,"time,lat,lon",False,,float64,"1,96,144",0.10546875,mol/m2/s,diffusive surface CH4 flux for inundated / lake area; (+ to atm),(unexpected)
CH4_SURF_DIFF_UNSAT,"time,lat,lon",False,,float64,"1,96,144",0.10546875,mol/m2/s,diffusive surface CH4 flux for non-inundated area; (+ to atm),(unexpected)
CH4_SURF_EBUL_SAT,"time,lat,lon",False,,float64,"1,96,144",0.10546875,mol/m2/s,ebullition surface CH4 flux for inundated / lake area; (+ to atm),(unexpected)
CH4_SURF_EBUL_UNSAT,"time,lat,lon",False,,float64,"1,96,144",0.10546875,mol/m2/s,ebullition surface CH4 flux for non-inundated area; (+ to atm),(unexpected)
COL_FIRE_CLOSS,"time,lat,lon",False,,float64,"1,96,144",0.10546875,gC/m^2/s,total column-level fire C loss for non-peat fires outside land-type converted region,(unexpected)
COL_FIRE_NLOSS,"time,lat,lon",False,,float64,"1,96,144",0.10546875,gN/m^2/s,total column-level fire N loss,(unexpected)
CONC_O2_SAT,"time,levsoi,lat,lon",True,levsoi,float64,"1,20,96,144",2.109375,mol/m3,O2 soil Concentration for inundated / lake area,(unexpected)
CONC_O2_UNSAT,"time,levsoi,lat,lon",True,levsoi,float64,"1,20,96,144",2.109375,mol/m3,O2 soil Concentration for non-inundated area,(unexpected)
COST_NACTIVE,"time,lat,lon",False,,float64,"1,96,144",0.10546875,gN/gC,Cost of active uptake,(unexpected)
COST_NFIX,"time,lat,lon",False,,float64,"1,96,144",0.10546875,gN/gC,Cost of fixation,(unexpected)
COST_NRETRANS,"time,lat,lon",False,,float64,"1,96,144",0.10546875,gN/gC,Cost of retranslocation,(unexpected)
CPHASE,"time,lat,lon",False,,float64,"1,96,144",0.10546875,"0-not planted, 1-planted, 2-leaf emerge, 3-grain fill, 4-harvest",crop phenology phase,(unexpected)
CPOOL,"time,lat,lon",False,,float64,"1,96,144",0.10546875,gC/m^2,temporary photosynthate C pool,(unexpected)
CROPPROD1C,"time,lat,lon",False,,float64,"1,96,144",0.10546875,gC/m^2,1-yr grain product C,(unexpected)
CROPPROD1C_LOSS,"time,lat,lon",False,,float64,"1,96,144",0.10546875,gC/m^2/s,loss from 1-yr grain product pool,(unexpected)
CROPPROD1N,"time,lat,lon",False,,float64,"1,96,144",0.10546875,gN/m^2,1-yr grain product N,(unexpected)
CROPPROD1N_LOSS,"time,lat,lon",False,,float64,"1,96,144",0.10546875,gN/m^2/s,loss from 1-yr grain product pool,(unexpected)
CROPSEEDC_DEFICIT,"time,lat,lon",False,,float64,"1,96,144",0.10546875,gC/m^2,C used for crop seed that needs to be repaid,(unexpected)
CWDC,"time,lat,lon",False,,float64,"1,96,144",0.10546875,gC/m^2,CWD C,(unexpected)
CWDC_LOSS,"time,lat,lon",False,,float64,"1,96,144",0.10546875,gC/m^2/s,coarse woody debris C loss,(unexpected)
CWDC_vr,"time,levsoi,lat,lon",True,levsoi,float64,"1,20,96,144",2.109375,gC/m^3,CWD C (vertically resolved),(unexpected)
CWDN,"time,lat,lon",False,,float64,"1,96,144",0.10546875,gN/m^2,CWD N,(unexpected)
CWDN_vr,"time,levdcmp,lat,lon",True,levdcmp,float64,"1,25,96,144",2.63671875,gN/m^3,CWD N (vertically resolved),(unexpected)
DEADCROOTC,"time,lat,lon",False,,float64,"1,96,144",0.10546875,gC/m^2,dead coarse root C,(unexpected)
DEADCROOTN,"time,lat,lon",False,,float64,"1,96,144",0.10546875,gN/m^2,dead coarse root N,(unexpected)
DEADSTEMC,"time,lat,lon",False,,float64,"1,96,144",0.10546875,gC/m^2,dead stem C,(unexpected)
DEADSTEMN,"time,lat,lon",False,,float64,"1,96,144",0.10546875,gN/m^2,dead stem N,(unexpected)
DENIT,"time,lat,lon",False,,float64,"1,96,144",0.10546875,gN/m^2/s,total rate of denitrification,(unexpected)
DISPVEGC,"time,lat,lon",False,,float64,"1,96,144",0.10546875,gC/m^2,"displayed veg carbon, excluding storage and cpool",(unexpected)
DISPVEGN,"time,lat,lon",False,,float64,"1,96,144",0.10546875,gN/m^2,displayed vegetation nitrogen,(unexpected)
DSL,"time,lat,lon",False,,float64,"1,96,144",0.10546875,mm,dry surface layer thickness,(unexpected)
DSTDEP,"time,lat,lon",False,,float64,"1,96,144",0.10546875,kg/m^2/s,total dust deposition (dry+wet) from atmosphere,(unexpected)
DSTFLXT,"time,lat,lon",False,,float64,"1,96,144",0.10546875,kg/m2/s,total surface dust emission,(unexpected)
DWT_CONV_CFLUX,"time,lat,lon",False,,float64,"1,96,144",0.10546875,gC/m^2/s,conversion C flux (immediate loss to atm) (0 at all times except first timestep of year),(unexpected)
DWT_CONV_CFLUX_DRIBBLED,"time,lat,lon",False,,float64,"1,96,144",0.10546875,gC/m^2/s,"conversion C flux (immediate loss to atm), dribbled throughout the year",(unexpected)
DWT_CONV_NFLUX,"time,lat,lon",False,,float64,"1,96,144",0.10546875,gN/m^2/s,conversion N flux (immediate loss to atm) (0 at all times except first timestep of year),(unexpected)
DWT_CROPPROD1C_GAIN,"time,lat,lon",False,,float64,"1,96,144",0.10546875,gC/m^2/s,landcover change-driven addition to 1-year crop product pool,(unexpected)
DWT_CROPPROD1N_GAIN,"time,lat,lon",False,,float64,"1,96,144",0.10546875,gN/m^2/s,landcover change-driven addition to 1-year crop product pool,(unexpected)
DWT_SEEDN_TO_DEADSTEM,"time,lat,lon",False,,float64,"1,96,144",0.10546875,gN/m^2/s,seed source to patch-level deadstem,(unexpected)
DWT_SEEDN_TO_LEAF,"time,lat,lon",False,,float64,"1,96,144",0.10546875,gN/m^2/s,seed source to patch-level leaf,(unexpected)
DWT_SLASH_CFLUX,"time,lat,lon",False,,float64,"1,96,144",0.10546875,gC/m^2/s,slash C flux to litter and CWD due to land use,(unexpected)
DWT_WOODPRODC_GAIN,"time,lat,lon",False,,float64,"1,96,144",0.10546875,gC/m^2/s,landcover change-driven addition to wood product pools,(unexpected)
DWT_WOODPRODN_GAIN,"time,lat,lon",False,,float64,"1,96,144",0.10546875,gN/m^2/s,landcover change-driven addition to wood product pools,(unexpected)
DZLAKE,"levlak,lat,lon",True,levlak,float64,"10,96,144",1.0546875,m,lake layer thickness,(unexpected)
DZSOI,"levgrnd,lat,lon",True,levgrnd,float64,"25,96,144",2.63671875,m,soil thickness,(unexpected)
EFLXBUILD,"time,lat,lon",False,,float64,"1,96,144",0.10546875,W/m^2,building heat flux from change in interior building air temperature,(unexpected)
EFLX_DYNBAL,"time,lat,lon",False,,float64,"1,96,144",0.10546875,W/m^2,dynamic land cover change conversion energy flux,(unexpected)
EFLX_GRND_LAKE,"time,lat,lon",False,,float64,"1,96,144",0.10546875,W/m^2,"net heat flux into lake/snow surface, excluding light transmission",(unexpected)
EFLX_LH_TOT,"time,lat,lon",False,,float64,"1,96,144",0.10546875,W/m^2,total latent heat flux [+ to atm],radiation_albedo
EFLX_LH_TOT_R,"time,lat,lon",False,,float64,"1,96,144",0.10546875,W/m^2,Rural total evaporation,(unexpected)
ELAI,"time,lat,lon",False,,float64,"1,96,144",0.10546875,m^2/m^2,exposed one-sided leaf area index,vegetation
EPS_carene_3,"time,lat,lon",False,,float64,"1,96,144",0.10546875,ug/m2/h,baseline emission factor used: carene_3,megan_gamma
EPS_isoprene,"time,lat,lon",False,,float64,"1,96,144",0.10546875,ug/m2/h,baseline emission factor used: isoprene,megan_gamma
EPS_limonene,"time,lat,lon",False,,float64,"1,96,144",0.10546875,ug/m2/h,baseline emission factor used: limonene,megan_gamma
EPS_myrcene,"time,lat,lon",False,,float64,"1,96,144",0.10546875,ug/m2/h,baseline emission factor used: myrcene,megan_gamma
EPS_pinene_a,"time,lat,lon",False,,float64,"1,96,144",0.10546875,ug/m2/h,baseline emission factor used: pinene_a,megan_gamma
EPS_pinene_b,"time,lat,lon",False,,float64,"1,96,144",0.10546875,ug/m2/h,baseline emission factor used: pinene_b,megan_gamma
ER,"time,lat,lon",False,,float64,"1,96,144",0.10546875,gC/m^2/s,"total ecosystem respiration, autotrophic + heterotrophic",(unexpected)
ERRH2O,"time,lat,lon",False,,float64,"1,96,144",0.10546875,mm,total water conservation error,(unexpected)
ERRH2OSNO,"time,lat,lon",False,,float64,"1,96,144",0.10546875,mm,imbalance in snow depth (liquid water),(unexpected)
ERRSEB,"time,lat,lon",False,,float64,"1,96,144",0.10546875,W/m^2,surface energy conservation error,(unexpected)
ERRSOI,"time,lat,lon",False,,float64,"1,96,144",0.10546875,W/m^2,soil/lake energy conservation error,(unexpected)
ERRSOL,"time,lat,lon",False,,float64,"1,96,144",0.10546875,W/m^2,solar radiation conservation error,(unexpected)
ESAI,"time,lat,lon",False,,float64,"1,96,144",0.10546875,m^2/m^2,exposed one-sided stem area index,(unexpected)
FAREA_BURNED,"time,lat,lon",False,,float64,"1,96,144",0.10546875,proportion/sec,timestep fractional area burned,(unexpected)
FCEV,"time,lat,lon",False,,float64,"1,96,144",0.10546875,W/m^2,canopy evaporation,(unexpected)
FCH4,"time,lat,lon",False,,float64,"1,96,144",0.10546875,kgC/m2/s,Gridcell surface CH4 flux to atmosphere (+ to atm),(unexpected)
FCH4TOCO2,"time,lat,lon",False,,float64,"1,96,144",0.10546875,gC/m2/s,Gridcell oxidation of CH4 to CO2,(unexpected)
FCH4_DFSAT,"time,lat,lon",False,,float64,"1,96,144",0.10546875,kgC/m2/s,"CH4 additional flux due to changing fsat, vegetated landunits only",(unexpected)
FCOV,"time,lat,lon",False,,float64,"1,96,144",0.10546875,unitless,fractional impermeable area,(unexpected)
FCTR,"time,lat,lon",False,,float64,"1,96,144",0.10546875,W/m^2,canopy transpiration,(unexpected)
FFIX_TO_SMINN,"time,lat,lon",False,,float64,"1,96,144",0.10546875,gN/m^2/s,free living  N fixation to soil mineral N,(unexpected)
FGEV,"time,lat,lon",False,,float64,"1,96,144",0.10546875,W/m^2,ground evaporation,(unexpected)
FGR,"time,lat,lon",False,,float64,"1,96,144",0.10546875,W/m^2,heat flux into soil/snow including snow melt and lake / snow light transmission,radiation_albedo
FGR12,"time,lat,lon",False,,float64,"1,96,144",0.10546875,W/m^2,heat flux between soil layers 1 and 2,(unexpected)
FH2OSFC,"time,lat,lon",False,,float64,"1,96,144",0.10546875,unitless,fraction of ground covered by surface water,(unexpected)
FINUNDATED,"time,lat,lon",False,,float64,"1,96,144",0.10546875,unitless,fractional inundated area of vegetated columns,(unexpected)
FIRA,"time,lat,lon",False,,float64,"1,96,144",0.10546875,W/m^2,net infrared (longwave) radiation,radiation_albedo
FIRA_R,"time,lat,lon",False,,float64,"1,96,144",0.10546875,W/m^2,Rural net infrared (longwave) radiation,(unexpected)
FIRE,"time,lat,lon",False,,float64,"1,96,144",0.10546875,W/m^2,emitted infrared (longwave) radiation,radiation_albedo
FIRE_R,"time,lat,lon",False,,float64,"1,96,144",0.10546875,W/m^2,Rural emitted infrared (longwave) radiation,(unexpected)
FLDS,"time,lat,lon",False,,float64,"1,96,144",0.10546875,W/m^2,atmospheric longwave radiation (downscaled to columns in glacier regions),radiation_albedo
FPI,"time,lat,lon",False,,float64,"1,96,144",0.10546875,proportion,fraction of potential immobilization,(unexpected)
FPSN,"time,lat,lon",False,,float64,"1,96,144",0.10546875,umol/m2s,photosynthesis,(unexpected)
FREE_RETRANSN_TO_NPOOL,"time,lat,lon",False,,float64,"1,96,144",0.10546875,gN/m^2/s,deployment of retranslocated N,(unexpected)
FROOTC,"time,lat,lon",False,,float64,"1,96,144",0.10546875,gC/m^2,fine root C,(unexpected)
FROOTC_ALLOC,"time,lat,lon",False,,float64,"1,96,144",0.10546875,gC/m^2/s,fine root C allocation,(unexpected)
FROOTC_LOSS,"time,lat,lon",False,,float64,"1,96,144",0.10546875,gC/m^2/s,fine root C loss,(unexpected)
FROOTN,"time,lat,lon",False,,float64,"1,96,144",0.10546875,gN/m^2,fine root N,(unexpected)
FSA,"time,lat,lon",False,,float64,"1,96,144",0.10546875,W/m^2,absorbed solar radiation,radiation_albedo
FSAT,"time,lat,lon",False,,float64,"1,96,144",0.10546875,unitless,fractional area with water table at surface,(unexpected)
FSDS,"time,lat,lon",False,,float64,"1,96,144",0.10546875,W/m^2,atmospheric incident solar radiation,radiation_albedo
FSDSND,"time,lat,lon",False,,float64,"1,96,144",0.10546875,W/m^2,direct nir incident solar radiation,radiation_albedo
FSDSNDLN,"time,lat,lon",False,,float64,"1,96,144",0.10546875,W/m^2,direct nir incident solar radiation at local noon,(unexpected)
FSDSNI,"time,lat,lon",False,,float64,"1,96,144",0.10546875,W/m^2,diffuse nir incident solar radiation,radiation_albedo
FSDSVD,"time,lat,lon",False,,float64,"1,96,144",0.10546875,W/m^2,direct vis incident solar radiation,radiation_albedo
FSDSVDLN,"time,lat,lon",False,,float64,"1,96,144",0.10546875,W/m^2,direct vis incident solar radiation at local noon,(unexpected)
FSDSVI,"time,lat,lon",False,,float64,"1,96,144",0.10546875,W/m^2,diffuse vis incident solar radiation,radiation_albedo
FSDSVILN,"time,lat,lon",False,,float64,"1,96,144",0.10546875,W/m^2,diffuse vis incident solar radiation at local noon,(unexpected)
FSH,"time,lat,lon",False,,float64,"1,96,144",0.10546875,W/m^2,sensible heat not including correction for land use change and rain/snow conversion,radiation_albedo
FSH_G,"time,lat,lon",False,,float64,"1,96,144",0.10546875,W/m^2,sensible heat from ground,(unexpected)
FSH_PRECIP_CONVERSION,"time,lat,lon",False,,float64,"1,96,144",0.10546875,W/m^2,Sensible heat flux from conversion of rain/snow atm forcing,(unexpected)
FSH_R,"time,lat,lon",False,,float64,"1,96,144",0.10546875,W/m^2,Rural sensible heat,(unexpected)
FSH_RUNOFF_ICE_TO_LIQ,"time,lat,lon",False,,float64,"1,96,144",0.10546875,W/m^2,sensible heat flux generated from conversion of ice runoff to liquid,(unexpected)
FSH_TO_COUPLER,"time,lat,lon",False,,float64,"1,96,144",0.10546875,W/m^2,"sensible heat sent to coupler (includes corrections for land use change, rain/snow conversion and conversion of ice runoff to liquid)",(unexpected)
FSH_V,"time,lat,lon",False,,float64,"1,96,144",0.10546875,W/m^2,sensible heat from veg,(unexpected)
FSM,"time,lat,lon",False,,float64,"1,96,144",0.10546875,W/m^2,snow melt heat flux,(unexpected)
FSNO,"time,lat,lon",False,,float64,"1,96,144",0.10546875,unitless,fraction of ground covered by snow,snow
FSNO_EFF,"time,lat,lon",False,,float64,"1,96,144",0.10546875,unitless,effective fraction of ground covered by snow,(unexpected)
FSR,"time,lat,lon",False,,float64,"1,96,144",0.10546875,W/m^2,reflected solar radiation,radiation_albedo
FSRND,"time,lat,lon",False,,float64,"1,96,144",0.10546875,W/m^2,direct nir reflected solar radiation,radiation_albedo
FSRNDLN,"time,lat,lon",False,,float64,"1,96,144",0.10546875,W/m^2,direct nir reflected solar radiation at local noon,(unexpected)
FSRNI,"time,lat,lon",False,,float64,"1,96,144",0.10546875,W/m^2,diffuse nir reflected solar radiation,(unexpected)
FSRVD,"time,lat,lon",False,,float64,"1,96,144",0.10546875,W/m^2,direct vis reflected solar radiation,radiation_albedo
FSRVDLN,"time,lat,lon",False,,float64,"1,96,144",0.10546875,W/m^2,direct vis reflected solar radiation at local noon,(unexpected)
FSRVI,"time,lat,lon",False,,float64,"1,96,144",0.10546875,W/m^2,diffuse vis reflected solar radiation,(unexpected)
FUELC,"time,lat,lon",False,,float64,"1,96,144",0.10546875,gC/m^2,fuel load,(unexpected)
F_DENIT,"time,lat,lon",False,,float64,"1,96,144",0.10546875,gN/m^2/s,denitrification flux,(unexpected)
F_N2O_DENIT,"time,lat,lon",False,,float64,"1,96,144",0.10546875,gN/m^2/s,denitrification N2O flux,(unexpected)
F_N2O_NIT,"time,lat,lon",False,,float64,"1,96,144",0.10546875,gN/m^2/s,nitrification N2O flux,(unexpected)
F_NIT,"time,lat,lon",False,,float64,"1,96,144",0.10546875,gN/m^2/s,nitrification flux,(unexpected)
GAMMAA_carene_3,"time,lat,lon",False,,float64,"1,96,144",0.10546875,1,leaf-age activity factor: carene_3,megan_gamma
GAMMAA_isoprene,"time,lat,lon",False,,float64,"1,96,144",0.10546875,1,leaf-age activity factor: isoprene,megan_gamma
GAMMAA_limonene,"time,lat,lon",False,,float64,"1,96,144",0.10546875,1,leaf-age activity factor: limonene,megan_gamma
GAMMAA_myrcene,"time,lat,lon",False,,float64,"1,96,144",0.10546875,1,leaf-age activity factor: myrcene,megan_gamma
GAMMAA_pinene_a,"time,lat,lon",False,,float64,"1,96,144",0.10546875,1,leaf-age activity factor: pinene_a,megan_gamma
GAMMAA_pinene_b,"time,lat,lon",False,,float64,"1,96,144",0.10546875,1,leaf-age activity factor: pinene_b,megan_gamma
GAMMAC_isoprene,"time,lat,lon",False,,float64,"1,96,144",0.10546875,1,CO2 inhibition activity factor (isoprene only),megan_gamma
GAMMAL,"time,lat,lon",False,,float64,"1,96,144",0.10546875,1,LAI activity factor (all MEGAN compounds),megan_gamma
GAMMAP_carene_3,"time,lat,lon",False,,float64,"1,96,144",0.10546875,1,light activity factor: carene_3,megan_gamma
GAMMAP_isoprene,"time,lat,lon",False,,float64,"1,96,144",0.10546875,1,light activity factor: isoprene,megan_gamma
GAMMAP_limonene,"time,lat,lon",False,,float64,"1,96,144",0.10546875,1,light activity factor: limonene,megan_gamma
GAMMAP_myrcene,"time,lat,lon",False,,float64,"1,96,144",0.10546875,1,light activity factor: myrcene,megan_gamma
GAMMAP_pinene_a,"time,lat,lon",False,,float64,"1,96,144",0.10546875,1,light activity factor: pinene_a,megan_gamma
GAMMAP_pinene_b,"time,lat,lon",False,,float64,"1,96,144",0.10546875,1,light activity factor: pinene_b,megan_gamma
GAMMAS,"time,lat,lon",False,,float64,"1,96,144",0.10546875,1,soil-moisture activity factor (all MEGAN compounds; currently fixed at 1),megan_gamma
GAMMAT_carene_3,"time,lat,lon",False,,float64,"1,96,144",0.10546875,1,temperature activity factor: carene_3,megan_gamma
GAMMAT_isoprene,"time,lat,lon",False,,float64,"1,96,144",0.10546875,1,temperature activity factor: isoprene,megan_gamma
GAMMAT_limonene,"time,lat,lon",False,,float64,"1,96,144",0.10546875,1,temperature activity factor: limonene,megan_gamma
GAMMAT_myrcene,"time,lat,lon",False,,float64,"1,96,144",0.10546875,1,temperature activity factor: myrcene,megan_gamma
GAMMAT_pinene_a,"time,lat,lon",False,,float64,"1,96,144",0.10546875,1,temperature activity factor: pinene_a,megan_gamma
GAMMAT_pinene_b,"time,lat,lon",False,,float64,"1,96,144",0.10546875,1,temperature activity factor: pinene_b,megan_gamma
GAMMA_carene_3,"time,lat,lon",False,,float64,"1,96,144",0.10546875,1,total VOC activity factor: carene_3,megan_gamma
GAMMA_isoprene,"time,lat,lon",False,,float64,"1,96,144",0.10546875,1,total VOC activity factor: isoprene,megan_gamma
GAMMA_limonene,"time,lat,lon",False,,float64,"1,96,144",0.10546875,1,total VOC activity factor: limonene,megan_gamma
GAMMA_myrcene,"time,lat,lon",False,,float64,"1,96,144",0.10546875,1,total VOC activity factor: myrcene,megan_gamma
GAMMA_pinene_a,"time,lat,lon",False,,float64,"1,96,144",0.10546875,1,total VOC activity factor: pinene_a,megan_gamma
GAMMA_pinene_b,"time,lat,lon",False,,float64,"1,96,144",0.10546875,1,total VOC activity factor: pinene_b,megan_gamma
GPP,"time,lat,lon",False,,float64,"1,96,144",0.10546875,gC/m^2/s,gross primary production,carbon
GR,"time,lat,lon",False,,float64,"1,96,144",0.10546875,gC/m^2/s,total growth respiration,(unexpected)
GRAINC,"time,lat,lon",False,,float64,"1,96,144",0.10546875,gC/m^2,grain C (does not equal yield),(unexpected)
GRAINC_TO_FOOD,"time,lat,lon",False,,float64,"1,96,144",0.10546875,gC/m^2/s,grain C to food,(unexpected)
GRAINC_TO_SEED,"time,lat,lon",False,,float64,"1,96,144",0.10546875,gC/m^2/s,grain C to seed,(unexpected)
GRAINN,"time,lat,lon",False,,float64,"1,96,144",0.10546875,gN/m^2,grain N,(unexpected)
GROSS_NMIN,"time,lat,lon",False,,float64,"1,96,144",0.10546875,gN/m^2/s,gross rate of N mineralization,(unexpected)
GSSHA,"time,lat,lon",False,,float64,"1,96,144",0.10546875,umol H20/m2/s,shaded leaf stomatal conductance,(unexpected)
GSSHALN,"time,lat,lon",False,,float64,"1,96,144",0.10546875,umol H20/m2/s,shaded leaf stomatal conductance at local noon,(unexpected)
GSSUN,"time,lat,lon",False,,float64,"1,96,144",0.10546875,umol H20/m2/s,sunlit leaf stomatal conductance,(unexpected)
GSSUNLN,"time,lat,lon",False,,float64,"1,96,144",0.10546875,umol H20/m2/s,sunlit leaf stomatal conductance at local noon,(unexpected)
H2OCAN,"time,lat,lon",False,,float64,"1,96,144",0.10546875,mm,intercepted water,(unexpected)
H2OSFC,"time,lat,lon",False,,float64,"1,96,144",0.10546875,mm,surface water depth,(unexpected)
H2OSNO,"time,lat,lon",False,,float64,"1,96,144",0.10546875,mm,snow depth (liquid water),snow
H2OSNO_TOP,"time,lat,lon",False,,float64,"1,96,144",0.10546875,kg/m2,mass of snow in top snow layer,(unexpected)
H2OSOI,"time,levsoi,lat,lon",True,levsoi,float64,"1,20,96,144",2.109375,mm3/mm3,volumetric soil water (vegetated landunits only),hydrology_et
HEAT_CONTENT1,"time,lat,lon",False,,float64,"1,96,144",0.10546875,J/m^2,initial gridcell total heat content,(unexpected)
HEAT_FROM_AC,"time,lat,lon",False,,float64,"1,96,144",0.10546875,W/m^2,sensible heat flux put into canyon due to heat removed from air conditioning,(unexpected)
HIA,"time,lat,lon",False,,float64,"1,96,144",0.10546875,C,2 m NWS Heat Index,(unexpected)
HIA_R,"time,lat,lon",False,,float64,"1,96,144",0.10546875,C,Rural 2 m NWS Heat Index,(unexpected)
HIA_U,"time,lat,lon",False,,float64,"1,96,144",0.10546875,C,Urban 2 m NWS Heat Index,(unexpected)
HKSAT,"levgrnd,lat,lon",True,levgrnd,float64,"25,96,144",2.63671875,mm s-1,saturated hydraulic conductivity,(unexpected)
HR,"time,lat,lon",False,,float64,"1,96,144",0.10546875,gC/m^2/s,total heterotrophic respiration,carbon
HR_vr,"time,levsoi,lat,lon",True,levsoi,float64,"1,20,96,144",2.109375,gC/m^3/s,total vertically resolved heterotrophic respiration,(unexpected)
HTOP,"time,lat,lon",False,,float64,"1,96,144",0.10546875,m,canopy top,vegetation
HUMIDEX,"time,lat,lon",False,,float64,"1,96,144",0.10546875,C,2 m Humidex,(unexpected)
HUMIDEX_R,"time,lat,lon",False,,float64,"1,96,144",0.10546875,C,Rural 2 m Humidex,(unexpected)
HUMIDEX_U,"time,lat,lon",False,,float64,"1,96,144",0.10546875,C,Urban 2 m Humidex,(unexpected)
ICE_CONTENT1,"time,lat,lon",False,,float64,"1,96,144",0.10546875,mm,initial gridcell total ice content,(unexpected)
JMX25T,"time,lat,lon",False,,float64,"1,96,144",0.10546875,umol/m2/s,canopy profile of jmax,(unexpected)
Jmx25Z,"time,lat,lon",False,,float64,"1,96,144",0.10546875,umol/m2/s,canopy profile of  vcmax25 predicted by LUNA model,(unexpected)
LAISHA,"time,lat,lon",False,,float64,"1,96,144",0.10546875,m^2/m^2,shaded projected leaf area index,vegetation
LAISUN,"time,lat,lon",False,,float64,"1,96,144",0.10546875,m^2/m^2,sunlit projected leaf area index,vegetation
LAKEICEFRAC_SURF,"time,lat,lon",False,,float64,"1,96,144",0.10546875,unitless,surface lake layer ice mass fraction,(unexpected)
LAKEICETHICK,"time,lat,lon",False,,float64,"1,96,144",0.10546875,m,thickness of lake ice (including physical expansion on freezing),(unexpected)
LAND_USE_FLUX,"time,lat,lon",False,,float64,"1,96,144",0.10546875,gC/m^2/s,total C emitted from land cover conversion (smoothed over the year) and wood and grain product pools (NOTE: not a net value),(unexpected)
LEAFC,"time,lat,lon",False,,float64,"1,96,144",0.10546875,gC/m^2,leaf C,(unexpected)
LEAFCN,"time,lat,lon",False,,float64,"1,96,144",0.10546875,gC/gN,Leaf CN ratio used for flexible CN,(unexpected)
LEAFC_ALLOC,"time,lat,lon",False,,float64,"1,96,144",0.10546875,gC/m^2/s,leaf C allocation,(unexpected)
LEAFC_CHANGE,"time,lat,lon",False,,float64,"1,96,144",0.10546875,gC/m^2/s,C change in leaf,(unexpected)
LEAFC_LOSS,"time,lat,lon",False,,float64,"1,96,144",0.10546875,gC/m^2/s,leaf C loss,(unexpected)
LEAFC_TO_LITTER_FUN,"time,lat,lon",False,,float64,"1,96,144",0.10546875,gC/m^2/s,leaf C litterfall used by FUN,(unexpected)
LEAFN,"time,lat,lon",False,,float64,"1,96,144",0.10546875,gN/m^2,leaf N,(unexpected)
LEAFN_TO_LITTER,"time,lat,lon",False,,float64,"1,96,144",0.10546875,gN/m^2/s,leaf N litterfall,(unexpected)
LEAF_MR,"time,lat,lon",False,,float64,"1,96,144",0.10546875,gC/m^2/s,leaf maintenance respiration,(unexpected)
LFC2,"time,lat,lon",False,,float64,"1,96,144",0.10546875,per sec,conversion area fraction of BET and BDT that burned,(unexpected)
LIQCAN,"time,lat,lon",False,,float64,"1,96,144",0.10546875,mm,intercepted liquid water,(unexpected)
LIQUID_CONTENT1,"time,lat,lon",False,,float64,"1,96,144",0.10546875,mm,initial gridcell total liq content,(unexpected)
LITFALL,"time,lat,lon",False,,float64,"1,96,144",0.10546875,gC/m^2/s,litterfall (leaves and fine roots),(unexpected)
LITR1C,"time,lat,lon",False,,float64,"1,96,144",0.10546875,gC/m^2,LITR1 C,(unexpected)
LITR1C_vr,"time,levsoi,lat,lon",True,levsoi,float64,"1,20,96,144",2.109375,gC/m^3,LITR1 C (vertically resolved),(unexpected)
LITR1N,"time,lat,lon",False,,float64,"1,96,144",0.10546875,gN/m^2,LITR1 N,(unexpected)
LITR1N_vr,"time,levdcmp,lat,lon",True,levdcmp,float64,"1,25,96,144",2.63671875,gN/m^3,LITR1 N (vertically resolved),(unexpected)
LITR2C,"time,lat,lon",False,,float64,"1,96,144",0.10546875,gC/m^2,LITR2 C,(unexpected)
LITR2C_vr,"time,levsoi,lat,lon",True,levsoi,float64,"1,20,96,144",2.109375,gC/m^3,LITR2 C (vertically resolved),(unexpected)
LITR2N,"time,lat,lon",False,,float64,"1,96,144",0.10546875,gN/m^2,LITR2 N,(unexpected)
LITR2N_vr,"time,levdcmp,lat,lon",True,levdcmp,float64,"1,25,96,144",2.63671875,gN/m^3,LITR2 N (vertically resolved),(unexpected)
LITR3C,"time,lat,lon",False,,float64,"1,96,144",0.10546875,gC/m^2,LITR3 C,(unexpected)
LITR3C_vr,"time,levsoi,lat,lon",True,levsoi,float64,"1,20,96,144",2.109375,gC/m^3,LITR3 C (vertically resolved),(unexpected)
LITR3N,"time,lat,lon",False,,float64,"1,96,144",0.10546875,gN/m^2,LITR3 N,(unexpected)
LITR3N_vr,"time,levdcmp,lat,lon",True,levdcmp,float64,"1,25,96,144",2.63671875,gN/m^3,LITR3 N (vertically resolved),(unexpected)
LITTERC_HR,"time,lat,lon",False,,float64,"1,96,144",0.10546875,gC/m^2/s,litter C heterotrophic respiration,(unexpected)
LITTERC_LOSS,"time,lat,lon",False,,float64,"1,96,144",0.10546875,gC/m^2/s,litter C loss,(unexpected)
LIVECROOTC,"time,lat,lon",False,,float64,"1,96,144",0.10546875,gC/m^2,live coarse root C,(unexpected)
LIVECROOTN,"time,lat,lon",False,,float64,"1,96,144",0.10546875,gN/m^2,live coarse root N,(unexpected)
LIVESTEMC,"time,lat,lon",False,,float64,"1,96,144",0.10546875,gC/m^2,live stem C,(unexpected)
LIVESTEMN,"time,lat,lon",False,,float64,"1,96,144",0.10546875,gN/m^2,live stem N,(unexpected)
LNC,"time,lat,lon",False,,float64,"1,96,144",0.10546875,gN leaf/m^2,leaf N concentration,(unexpected)
MEG_2met_styrene,"time,lat,lon",False,,float64,"1,96,144",0.10546875,kg/m2/sec,MEGAN flux,(unexpected)
MEG_acetaldehyde,"time,lat,lon",False,,float64,"1,96,144",0.10546875,kg/m2/sec,MEGAN flux,megan_emissions
MEG_acetic_acid,"time,lat,lon",False,,float64,"1,96,144",0.10546875,kg/m2/sec,MEGAN flux,megan_emissions
MEG_acetone,"time,lat,lon",False,,float64,"1,96,144",0.10546875,kg/m2/sec,MEGAN flux,megan_emissions
MEG_bergamotene_a,"time,lat,lon",False,,float64,"1,96,144",0.10546875,kg/m2/sec,MEGAN flux,(unexpected)
MEG_bisabolene_b,"time,lat,lon",False,,float64,"1,96,144",0.10546875,kg/m2/sec,MEGAN flux,(unexpected)
MEG_bornene,"time,lat,lon",False,,float64,"1,96,144",0.10546875,kg/m2/sec,MEGAN flux,(unexpected)
MEG_butene,"time,lat,lon",False,,float64,"1,96,144",0.10546875,kg/m2/sec,MEGAN flux,(unexpected)
MEG_camphene,"time,lat,lon",False,,float64,"1,96,144",0.10546875,kg/m2/sec,MEGAN flux,(unexpected)
MEG_carbon_monoxide,"time,lat,lon",False,,float64,"1,96,144",0.10546875,kg/m2/sec,MEGAN flux,(unexpected)
MEG_carene_3,"time,lat,lon",False,,float64,"1,96,144",0.10546875,kg/m2/sec,MEGAN flux,megan_emissions
MEG_caryophyllene_b,"time,lat,lon",False,,float64,"1,96,144",0.10546875,kg/m2/sec,MEGAN flux,(unexpected)
MEG_cymene_o,"time,lat,lon",False,,float64,"1,96,144",0.10546875,kg/m2/sec,MEGAN flux,(unexpected)
MEG_cymene_p,"time,lat,lon",False,,float64,"1,96,144",0.10546875,kg/m2/sec,MEGAN flux,(unexpected)
MEG_ethane,"time,lat,lon",False,,float64,"1,96,144",0.10546875,kg/m2/sec,MEGAN flux,(unexpected)
MEG_ethanol,"time,lat,lon",False,,float64,"1,96,144",0.10546875,kg/m2/sec,MEGAN flux,megan_emissions
MEG_ethene,"time,lat,lon",False,,float64,"1,96,144",0.10546875,kg/m2/sec,MEGAN flux,(unexpected)
MEG_farnescene_b,"time,lat,lon",False,,float64,"1,96,144",0.10546875,kg/m2/sec,MEGAN flux,(unexpected)
MEG_fenchene_a,"time,lat,lon",False,,float64,"1,96,144",0.10546875,kg/m2/sec,MEGAN flux,(unexpected)
MEG_formaldehyde,"time,lat,lon",False,,float64,"1,96,144",0.10546875,kg/m2/sec,MEGAN flux,megan_emissions
MEG_formic_acid,"time,lat,lon",False,,float64,"1,96,144",0.10546875,kg/m2/sec,MEGAN flux,(unexpected)
MEG_heptane,"time,lat,lon",False,,float64,"1,96,144",0.10546875,kg/m2/sec,MEGAN flux,(unexpected)
MEG_hexane,"time,lat,lon",False,,float64,"1,96,144",0.10546875,kg/m2/sec,MEGAN flux,(unexpected)
MEG_humulene_a,"time,lat,lon",False,,float64,"1,96,144",0.10546875,kg/m2/sec,MEGAN flux,(unexpected)
MEG_hydrogen_cyanide,"time,lat,lon",False,,float64,"1,96,144",0.10546875,kg/m2/sec,MEGAN flux,(unexpected)
MEG_isoprene,"time,lat,lon",False,,float64,"1,96,144",0.10546875,kg/m2/sec,MEGAN flux,megan_emissions
MEG_limonene,"time,lat,lon",False,,float64,"1,96,144",0.10546875,kg/m2/sec,MEGAN flux,megan_emissions
MEG_methanol,"time,lat,lon",False,,float64,"1,96,144",0.10546875,kg/m2/sec,MEGAN flux,megan_emissions
MEG_myrcene,"time,lat,lon",False,,float64,"1,96,144",0.10546875,kg/m2/sec,MEGAN flux,megan_emissions
MEG_ocimene_al,"time,lat,lon",False,,float64,"1,96,144",0.10546875,kg/m2/sec,MEGAN flux,(unexpected)
MEG_ocimene_c_b,"time,lat,lon",False,,float64,"1,96,144",0.10546875,kg/m2/sec,MEGAN flux,(unexpected)
MEG_ocimene_t_b,"time,lat,lon",False,,float64,"1,96,144",0.10546875,kg/m2/sec,MEGAN flux,(unexpected)
MEG_pentane,"time,lat,lon",False,,float64,"1,96,144",0.10546875,kg/m2/sec,MEGAN flux,(unexpected)
MEG_phellandrene_a,"time,lat,lon",False,,float64,"1,96,144",0.10546875,kg/m2/sec,MEGAN flux,(unexpected)
MEG_phellandrene_b,"time,lat,lon",False,,float64,"1,96,144",0.10546875,kg/m2/sec,MEGAN flux,(unexpected)
MEG_pinene_a,"time,lat,lon",False,,float64,"1,96,144",0.10546875,kg/m2/sec,MEGAN flux,megan_emissions
MEG_pinene_b,"time,lat,lon",False,,float64,"1,96,144",0.10546875,kg/m2/sec,MEGAN flux,megan_emissions
MEG_propane,"time,lat,lon",False,,float64,"1,96,144",0.10546875,kg/m2/sec,MEGAN flux,(unexpected)
MEG_propene,"time,lat,lon",False,,float64,"1,96,144",0.10546875,kg/m2/sec,MEGAN flux,(unexpected)
MEG_sabinene,"time,lat,lon",False,,float64,"1,96,144",0.10546875,kg/m2/sec,MEGAN flux,(unexpected)
MEG_terpinene_a,"time,lat,lon",False,,float64,"1,96,144",0.10546875,kg/m2/sec,MEGAN flux,(unexpected)
MEG_terpinene_g,"time,lat,lon",False,,float64,"1,96,144",0.10546875,kg/m2/sec,MEGAN flux,(unexpected)
MEG_terpinolene,"time,lat,lon",False,,float64,"1,96,144",0.10546875,kg/m2/sec,MEGAN flux,(unexpected)
MEG_thujene_a,"time,lat,lon",False,,float64,"1,96,144",0.10546875,kg/m2/sec,MEGAN flux,(unexpected)
MEG_toluene,"time,lat,lon",False,,float64,"1,96,144",0.10546875,kg/m2/sec,MEGAN flux,(unexpected)
MEG_tricyclene,"time,lat,lon",False,,float64,"1,96,144",0.10546875,kg/m2/sec,MEGAN flux,(unexpected)
MR,"time,lat,lon",False,,float64,"1,96,144",0.10546875,gC/m^2/s,maintenance respiration,(unexpected)
NACTIVE,"time,lat,lon",False,,float64,"1,96,144",0.10546875,gN/m^2/s,Mycorrhizal N uptake flux,(unexpected)
NACTIVE_NH4,"time,lat,lon",False,,float64,"1,96,144",0.10546875,gN/m^2/s,Mycorrhizal N uptake flux,(unexpected)
NACTIVE_NO3,"time,lat,lon",False,,float64,"1,96,144",0.10546875,gN/m^2/s,Mycorrhizal N uptake flux,(unexpected)
NAM,"time,lat,lon",False,,float64,"1,96,144",0.10546875,gN/m^2/s,AM-associated N uptake flux,(unexpected)
NAM_NH4,"time,lat,lon",False,,float64,"1,96,144",0.10546875,gN/m^2/s,AM-associated N uptake flux,(unexpected)
NAM_NO3,"time,lat,lon",False,,float64,"1,96,144",0.10546875,gN/m^2/s,AM-associated N uptake flux,(unexpected)
NBP,"time,lat,lon",False,,float64,"1,96,144",0.10546875,gC/m^2/s,"net biome production, includes fire, landuse, harvest and hrv_xsmrpool flux (latter smoothed over the year), positive for sink (same as net carbon exchange between land and atmosphere)",(unexpected)
NDEPLOY,"time,lat,lon",False,,float64,"1,96,144",0.10546875,gN/m^2/s,total N deployed in new growth,(unexpected)
NDEP_TO_SMINN,"time,lat,lon",False,,float64,"1,96,144",0.10546875,gN/m^2/s,atmospheric N deposition to soil mineral N,(unexpected)
NECM,"time,lat,lon",False,,float64,"1,96,144",0.10546875,gN/m^2/s,ECM-associated N uptake flux,(unexpected)
NECM_NH4,"time,lat,lon",False,,float64,"1,96,144",0.10546875,gN/m^2/s,ECM-associated N uptake flux,(unexpected)
NECM_NO3,"time,lat,lon",False,,float64,"1,96,144",0.10546875,gN/m^2/s,ECM-associated N uptake flux,(unexpected)
NEE,"time,lat,lon",False,,float64,"1,96,144",0.10546875,gC/m^2/s,"net ecosystem exchange of carbon, includes fire and hrv_xsmrpool (latter smoothed over the year), excludes landuse and harvest flux, positive for source",carbon
NEM,"time,lat,lon",False,,float64,"1,96,144",0.10546875,gC/m2/s,Gridcell net adjustment to net carbon exchange passed to atm. for methane production,(unexpected)
NEP,"time,lat,lon",False,,float64,"1,96,144",0.10546875,gC/m^2/s,"net ecosystem production, excludes fire, landuse, and harvest flux, positive for sink",(unexpected)
NET_NMIN,"time,lat,lon",False,,float64,"1,96,144",0.10546875,gN/m^2/s,net rate of N mineralization,(unexpected)
NFERTILIZATION,"time,lat,lon",False,,float64,"1,96,144",0.10546875,gN/m^2/s,fertilizer added,(unexpected)
NFIRE,"time,lat,lon",False,,float64,"1,96,144",0.10546875,counts/km2/sec,fire counts valid only in Reg.C,(unexpected)
NFIX,"time,lat,lon",False,,float64,"1,96,144",0.10546875,gN/m^2/s,Symbiotic BNF uptake flux,(unexpected)
NNONMYC,"time,lat,lon",False,,float64,"1,96,144",0.10546875,gN/m^2/s,Non-mycorrhizal N uptake flux,(unexpected)
NNONMYC_NH4,"time,lat,lon",False,,float64,"1,96,144",0.10546875,gN/m^2/s,Non-mycorrhizal N uptake flux,(unexpected)
NNONMYC_NO3,"time,lat,lon",False,,float64,"1,96,144",0.10546875,gN/m^2/s,Non-mycorrhizal N uptake flux,(unexpected)
NPASSIVE,"time,lat,lon",False,,float64,"1,96,144",0.10546875,gN/m^2/s,Passive N uptake flux,(unexpected)
NPOOL,"time,lat,lon",False,,float64,"1,96,144",0.10546875,gN/m^2,temporary plant N pool,(unexpected)
NPP,"time,lat,lon",False,,float64,"1,96,144",0.10546875,gC/m^2/s,net primary production,carbon
NPP_GROWTH,"time,lat,lon",False,,float64,"1,96,144",0.10546875,gC/m^2/s,Total C used for growth in FUN,(unexpected)
NPP_NACTIVE,"time,lat,lon",False,,float64,"1,96,144",0.10546875,gC/m^2/s,Mycorrhizal N uptake used C,(unexpected)
NPP_NACTIVE_NH4,"time,lat,lon",False,,float64,"1,96,144",0.10546875,gC/m^2/s,Mycorrhizal N uptake use C,(unexpected)
NPP_NACTIVE_NO3,"time,lat,lon",False,,float64,"1,96,144",0.10546875,gC/m^2/s,Mycorrhizal N uptake used C,(unexpected)
NPP_NAM,"time,lat,lon",False,,float64,"1,96,144",0.10546875,gC/m^2/s,AM-associated N uptake used C,(unexpected)
NPP_NAM_NH4,"time,lat,lon",False,,float64,"1,96,144",0.10546875,gC/m^2/s,AM-associated N uptake use C,(unexpected)
NPP_NAM_NO3,"time,lat,lon",False,,float64,"1,96,144",0.10546875,gC/m^2/s,AM-associated N uptake use C,(unexpected)
NPP_NECM,"time,lat,lon",False,,float64,"1,96,144",0.10546875,gC/m^2/s,ECM-associated N uptake used C,(unexpected)
NPP_NECM_NH4,"time,lat,lon",False,,float64,"1,96,144",0.10546875,gC/m^2/s,ECM-associated N uptake use C,(unexpected)
NPP_NECM_NO3,"time,lat,lon",False,,float64,"1,96,144",0.10546875,gC/m^2/s,ECM-associated N uptake used C,(unexpected)
NPP_NFIX,"time,lat,lon",False,,float64,"1,96,144",0.10546875,gC/m^2/s,Symbiotic BNF uptake used C,(unexpected)
NPP_NNONMYC,"time,lat,lon",False,,float64,"1,96,144",0.10546875,gC/m^2/s,Non-mycorrhizal N uptake used C,(unexpected)
NPP_NNONMYC_NH4,"time,lat,lon",False,,float64,"1,96,144",0.10546875,gC/m^2/s,Non-mycorrhizal N uptake use C,(unexpected)
NPP_NNONMYC_NO3,"time,lat,lon",False,,float64,"1,96,144",0.10546875,gC/m^2/s,Non-mycorrhizal N uptake use C,(unexpected)
NPP_NRETRANS,"time,lat,lon",False,,float64,"1,96,144",0.10546875,gC/m^2/s,Retranslocated N uptake flux,(unexpected)
NPP_NUPTAKE,"time,lat,lon",False,,float64,"1,96,144",0.10546875,gC/m^2/s,Total C used by N uptake in FUN,(unexpected)
NRETRANS,"time,lat,lon",False,,float64,"1,96,144",0.10546875,gN/m^2/s,Retranslocated N uptake flux,(unexpected)
NRETRANS_REG,"time,lat,lon",False,,float64,"1,96,144",0.10546875,gN/m^2/s,Retranslocated N uptake flux,(unexpected)
NRETRANS_SEASON,"time,lat,lon",False,,float64,"1,96,144",0.10546875,gN/m^2/s,Retranslocated N uptake flux,(unexpected)
NRETRANS_STRESS,"time,lat,lon",False,,float64,"1,96,144",0.10546875,gN/m^2/s,Retranslocated N uptake flux,(unexpected)
NUPTAKE,"time,lat,lon",False,,float64,"1,96,144",0.10546875,gN/m^2/s,Total N uptake of FUN,(unexpected)
NUPTAKE_NPP_FRACTION,"time,lat,lon",False,,float64,"1,96,144",0.10546875,-,frac of NPP used in N uptake,(unexpected)
OCDEP,"time,lat,lon",False,,float64,"1,96,144",0.10546875,kg/m^2/s,total OC deposition (dry+wet) from atmosphere,(unexpected)
O_SCALAR,"time,levsoi,lat,lon",True,levsoi,float64,"1,20,96,144",2.109375,unitless,fraction by which decomposition is reduced due to anoxia,(unexpected)
PARVEGLN,"time,lat,lon",False,,float64,"1,96,144",0.10546875,W/m^2,absorbed par by vegetation at local noon,megan_drivers
PBOT,"time,lat,lon",False,,float64,"1,96,144",0.10546875,Pa,atmospheric pressure at surface (downscaled to columns in glacier regions),(unexpected)
PCH4,"time,lat,lon",False,,float64,"1,96,144",0.10546875,Pa,atmospheric partial pressure of CH4,(unexpected)
PCO2,"time,lat,lon",False,,float64,"1,96,144",0.10546875,Pa,atmospheric partial pressure of CO2,(unexpected)
PCT_CFT,"time,cft,lat,lon",True,cft,float64,"1,64,96,144",6.75,%,% of each crop on the crop landunit,(unexpected)
PCT_GLC_MEC,"time,glc_nec,lat,lon",True,glc_nec,float64,"1,10,96,144",1.0546875,%,% of each GLC elevation class on the glc_mec landunit,(unexpected)
PCT_LANDUNIT,"time,ltype,lat,lon",True,ltype,float64,"1,9,96,144",0.94921875,%,% of each landunit on grid cell,(unexpected)
PCT_NAT_PFT,"time,natpft,lat,lon",True,natpft,float64,"1,15,96,144",1.58203125,%,"% of each PFT on the natural vegetation (i.e., soil) landunit",other
PFT_FIRE_CLOSS,"time,lat,lon",False,,float64,"1,96,144",0.10546875,gC/m^2/s,total patch-level fire C loss for non-peat fires outside land-type converted region,(unexpected)
PFT_FIRE_NLOSS,"time,lat,lon",False,,float64,"1,96,144",0.10546875,gN/m^2/s,total patch-level fire N loss,(unexpected)
PLANT_NDEMAND,"time,lat,lon",False,,float64,"1,96,144",0.10546875,gN/m^2/s,N flux required to support initial GPP,(unexpected)
POTENTIAL_IMMOB,"time,lat,lon",False,,float64,"1,96,144",0.10546875,gN/m^2/s,potential N immobilization,(unexpected)
POT_F_DENIT,"time,lat,lon",False,,float64,"1,96,144",0.10546875,gN/m^2/s,potential denitrification flux,(unexpected)
POT_F_NIT,"time,lat,lon",False,,float64,"1,96,144",0.10546875,gN/m^2/s,potential nitrification flux,(unexpected)
PSNSHA,"time,lat,lon",False,,float64,"1,96,144",0.10546875,umolCO2/m^2/s,shaded leaf photosynthesis,(unexpected)
PSNSHADE_TO_CPOOL,"time,lat,lon",False,,float64,"1,96,144",0.10546875,gC/m^2/s,C fixation from shaded canopy,(unexpected)
PSNSUN,"time,lat,lon",False,,float64,"1,96,144",0.10546875,umolCO2/m^2/s,sunlit leaf photosynthesis,(unexpected)
PSNSUN_TO_CPOOL,"time,lat,lon",False,,float64,"1,96,144",0.10546875,gC/m^2/s,C fixation from sunlit canopy,(unexpected)
Q2M,"time,lat,lon",False,,float64,"1,96,144",0.10546875,kg/kg,2m specific humidity,(unexpected)
QBOT,"time,lat,lon",False,,float64,"1,96,144",0.10546875,kg/kg,atmospheric specific humidity (downscaled to columns in glacier regions),(unexpected)
QCHARGE,"time,lat,lon",False,,float64,"1,96,144",0.10546875,mm/s,aquifer recharge rate (vegetated landunits only),(unexpected)
QDRAI,"time,lat,lon",False,,float64,"1,96,144",0.10546875,mm/s,sub-surface drainage,(unexpected)
QDRAI_PERCH,"time,lat,lon",False,,float64,"1,96,144",0.10546875,mm/s,perched wt drainage,(unexpected)
QDRAI_XS,"time,lat,lon",False,,float64,"1,96,144",0.10546875,mm/s,saturation excess drainage,(unexpected)
QDRIP,"time,lat,lon",False,,float64,"1,96,144",0.10546875,mm/s,throughfall,(unexpected)
QFLOOD,"time,lat,lon",False,,float64,"1,96,144",0.10546875,mm/s,runoff from river flooding,(unexpected)
QFLX_DEW_GRND,"time,lat,lon",False,,float64,"1,96,144",0.10546875,mm H2O/s,ground surface dew formation,(unexpected)
QFLX_DEW_SNOW,"time,lat,lon",False,,float64,"1,96,144",0.10546875,mm H2O/s,surface dew added to snow pacK,(unexpected)
QFLX_EVAP_TOT,"time,lat,lon",False,,float64,"1,96,144",0.10546875,mm H2O/s,qflx_evap_soi + qflx_evap_can + qflx_tran_veg,hydrology_et
QFLX_ICE_DYNBAL,"time,lat,lon",False,,float64,"1,96,144",0.10546875,mm/s,ice dynamic land cover change conversion runoff flux,(unexpected)
QFLX_LIQ_DYNBAL,"time,lat,lon",False,,float64,"1,96,144",0.10546875,mm/s,liq dynamic land cover change conversion runoff flux,(unexpected)
QFLX_SNOW_DRAIN,"time,lat,lon",False,,float64,"1,96,144",0.10546875,mm/s,drainage from snow pack,(unexpected)
QFLX_SNOW_DRAIN_ICE,"time,lat,lon",False,,float64,"1,96,144",0.10546875,mm/s,drainage from snow pack melt (ice landunits only),(unexpected)
QFLX_SUB_SNOW,"time,lat,lon",False,,float64,"1,96,144",0.10546875,mm H2O/s,sublimation rate from snow pack (also includes bare ice sublimation from glacier columns),(unexpected)
QH2OSFC,"time,lat,lon",False,,float64,"1,96,144",0.10546875,mm/s,surface water runoff,(unexpected)
QICE,"time,lat,lon",False,,float64,"1,96,144",0.10546875,mm/s,ice growth/melt,(unexpected)
QICE_FRZ,"time,lat,lon",False,,float64,"1,96,144",0.10546875,mm/s,ice growth,(unexpected)
QICE_MELT,"time,lat,lon",False,,float64,"1,96,144",0.10546875,mm/s,ice melt,(unexpected)
QINFL,"time,lat,lon",False,,float64,"1,96,144",0.10546875,mm/s,infiltration,(unexpected)
QINTR,"time,lat,lon",False,,float64,"1,96,144",0.10546875,mm/s,interception,hydrology_et
QIRRIG,"time,lat,lon",False,,float64,"1,96,144",0.10546875,mm/s,water added through irrigation,(unexpected)
QOVER,"time,lat,lon",False,,float64,"1,96,144",0.10546875,mm/s,surface runoff,hydrology_et
QRGWL,"time,lat,lon",False,,float64,"1,96,144",0.10546875,mm/s,"surface runoff at glaciers (liquid only), wetlands, lakes; also includes melted ice runoff from QSNWCPICE",(unexpected)
QRUNOFF,"time,lat,lon",False,,float64,"1,96,144",0.10546875,mm/s,total liquid runoff not including correction for land use change,hydrology_et
QRUNOFF_ICE,"time,lat,lon",False,,float64,"1,96,144",0.10546875,mm/s,total liquid runoff not incl corret for LULCC (ice landunits only),(unexpected)
QRUNOFF_ICE_TO_COUPLER,"time,lat,lon",False,,float64,"1,96,144",0.10546875,mm/s,total ice runoff sent to coupler (includes corrections for land use change),(unexpected)
QRUNOFF_TO_COUPLER,"time,lat,lon",False,,float64,"1,96,144",0.10546875,mm/s,total liquid runoff sent to coupler (includes corrections for land use change),(unexpected)
QSNOCPLIQ,"time,lat,lon",False,,float64,"1,96,144",0.10546875,mm H2O/s,excess liquid h2o due to snow capping not including correction for land use change,(unexpected)
QSNOEVAP,"time,lat,lon",False,,float64,"1,96,144",0.10546875,mm/s,evaporation from snow,(unexpected)
QSNOFRZ,"time,lat,lon",False,,float64,"1,96,144",0.10546875,kg/m2/s,column-integrated snow freezing rate,(unexpected)
QSNOFRZ_ICE,"time,lat,lon",False,,float64,"1,96,144",0.10546875,mm/s,column-integrated snow freezing rate (ice landunits only),(unexpected)
QSNOMELT,"time,lat,lon",False,,float64,"1,96,144",0.10546875,mm/s,snow melt rate,(unexpected)
QSNOMELT_ICE,"time,lat,lon",False,,float64,"1,96,144",0.10546875,mm/s,snow melt (ice landunits only),(unexpected)
QSNO_TEMPUNLOAD,"time,lat,lon",False,,float64,"1,96,144",0.10546875,mm/s,canopy snow temp unloading,(unexpected)
QSNO_WINDUNLOAD,"time,lat,lon",False,,float64,"1,96,144",0.10546875,mm/s,canopy snow wind unloading,(unexpected)
QSNWCPICE,"time,lat,lon",False,,float64,"1,96,144",0.10546875,mm H2O/s,excess solid h2o due to snow capping not including correction for land use change,(unexpected)
QSOIL,"time,lat,lon",False,,float64,"1,96,144",0.10546875,mm/s,Ground evaporation (soil/snow evaporation + soil/snow sublimation - dew),hydrology_et
QSOIL_ICE,"time,lat,lon",False,,float64,"1,96,144",0.10546875,mm/s,Ground evaporation (ice landunits only),(unexpected)
QVEGE,"time,lat,lon",False,,float64,"1,96,144",0.10546875,mm/s,canopy evaporation,hydrology_et
QVEGT,"time,lat,lon",False,,float64,"1,96,144",0.10546875,mm/s,canopy transpiration,hydrology_et
RAIN,"time,lat,lon",False,,float64,"1,96,144",0.10546875,mm/s,"atmospheric rain, after rain/snow repartitioning based on temperature",hydrology_et
RAIN_FROM_ATM,"time,lat,lon",False,,float64,"1,96,144",0.10546875,mm/s,atmospheric rain received from atmosphere (pre-repartitioning),(unexpected)
RETRANSN,"time,lat,lon",False,,float64,"1,96,144",0.10546875,gN/m^2,plant pool of retranslocated N,(unexpected)
RETRANSN_TO_NPOOL,"time,lat,lon",False,,float64,"1,96,144",0.10546875,gN/m^2/s,deployment of retranslocated N,(unexpected)
RH2M,"time,lat,lon",False,,float64,"1,96,144",0.10546875,%,2m relative humidity,(unexpected)
RR,"time,lat,lon",False,,float64,"1,96,144",0.10546875,gC/m^2/s,root respiration (fine root MR + total root GR),(unexpected)
RSSHA,"time,lat,lon",False,,float64,"1,96,144",0.10546875,s/m,shaded leaf stomatal resistance,(unexpected)
RSSUN,"time,lat,lon",False,,float64,"1,96,144",0.10546875,s/m,sunlit leaf stomatal resistance,(unexpected)
SABG,"time,lat,lon",False,,float64,"1,96,144",0.10546875,W/m^2,solar rad absorbed by ground,(unexpected)
SABG_PEN,"time,lat,lon",False,,float64,"1,96,144",0.10546875,watt/m^2,Rural solar rad penetrating top soil or snow layer,(unexpected)
SABV,"time,lat,lon",False,,float64,"1,96,144",0.10546875,W/m^2,solar rad absorbed by veg,(unexpected)
SEEDC,"time,lat,lon",False,,float64,"1,96,144",0.10546875,gC/m^2,pool for seeding new PFTs via dynamic landcover,(unexpected)
SEEDN,"time,lat,lon",False,,float64,"1,96,144",0.10546875,gN/m^2,pool for seeding new PFTs via dynamic landcover,(unexpected)
SLASH_HARVESTC,"time,lat,lon",False,,float64,"1,96,144",0.10546875,gC/m^2/s,slash harvest carbon (to litter),(unexpected)
SMINN,"time,lat,lon",False,,float64,"1,96,144",0.10546875,gN/m^2,soil mineral N,(unexpected)
SMINN_TO_NPOOL,"time,lat,lon",False,,float64,"1,96,144",0.10546875,gN/m^2/s,deployment of soil mineral N uptake,(unexpected)
SMINN_TO_PLANT,"time,lat,lon",False,,float64,"1,96,144",0.10546875,gN/m^2/s,plant uptake of soil mineral N,(unexpected)
SMINN_TO_PLANT_FUN,"time,lat,lon",False,,float64,"1,96,144",0.10546875,gN/m^2/s,Total soil N uptake of FUN,(unexpected)
SMINN_vr,"time,levsoi,lat,lon",True,levsoi,float64,"1,20,96,144",2.109375,gN/m^3,soil mineral N,(unexpected)
SMIN_NH4,"time,lat,lon",False,,float64,"1,96,144",0.10546875,gN/m^2,soil mineral NH4,(unexpected)
SMIN_NH4_vr,"time,levsoi,lat,lon",True,levsoi,float64,"1,20,96,144",2.109375,gN/m^3,soil mineral NH4 (vert. res.),(unexpected)
SMIN_NO3,"time,lat,lon",False,,float64,"1,96,144",0.10546875,gN/m^2,soil mineral NO3,(unexpected)
SMIN_NO3_LEACHED,"time,lat,lon",False,,float64,"1,96,144",0.10546875,gN/m^2/s,soil NO3 pool loss to leaching,(unexpected)
SMIN_NO3_RUNOFF,"time,lat,lon",False,,float64,"1,96,144",0.10546875,gN/m^2/s,soil NO3 pool loss to runoff,(unexpected)
SMIN_NO3_vr,"time,levsoi,lat,lon",True,levsoi,float64,"1,20,96,144",2.109375,gN/m^3,soil mineral NO3 (vert. res.),(unexpected)
SMP,"time,levgrnd,lat,lon",True,levgrnd,float64,"1,25,96,144",2.63671875,mm,soil matric potential (vegetated landunits only),(unexpected)
SNOBCMCL,"time,lat,lon",False,,float64,"1,96,144",0.10546875,kg/m2,mass of BC in snow column,(unexpected)
SNOBCMSL,"time,lat,lon",False,,float64,"1,96,144",0.10546875,kg/m2,mass of BC in top snow layer,(unexpected)
SNOCAN,"time,lat,lon",False,,float64,"1,96,144",0.10546875,mm,intercepted snow,(unexpected)
SNODSTMCL,"time,lat,lon",False,,float64,"1,96,144",0.10546875,kg/m2,mass of dust in snow column,(unexpected)
SNODSTMSL,"time,lat,lon",False,,float64,"1,96,144",0.10546875,kg/m2,mass of dust in top snow layer,(unexpected)
SNOFSRND,"time,lat,lon",False,,float64,"1,96,144",0.10546875,W/m^2,direct nir reflected solar radiation from snow,(unexpected)
SNOFSRNI,"time,lat,lon",False,,float64,"1,96,144",0.10546875,W/m^2,diffuse nir reflected solar radiation from snow,(unexpected)
SNOFSRVD,"time,lat,lon",False,,float64,"1,96,144",0.10546875,W/m^2,direct vis reflected solar radiation from snow,(unexpected)
SNOFSRVI,"time,lat,lon",False,,float64,"1,96,144",0.10546875,W/m^2,diffuse vis reflected solar radiation from snow,(unexpected)
SNOINTABS,"time,lat,lon",False,,float64,"1,96,144",0.10546875,-,Fraction of incoming solar absorbed by lower snow layers,(unexpected)
SNOOCMCL,"time,lat,lon",False,,float64,"1,96,144",0.10546875,kg/m2,mass of OC in snow column,(unexpected)
SNOOCMSL,"time,lat,lon",False,,float64,"1,96,144",0.10546875,kg/m2,mass of OC in top snow layer,(unexpected)
SNOTXMASS,"time,lat,lon",False,,float64,"1,96,144",0.10546875,K kg/m2,"snow temperature times layer mass, layer sum; to get mass-weighted temperature, divide by (SNOWICE+SNOWLIQ)",(unexpected)
SNOUNLOAD,"time,lat,lon",False,,float64,"1,96,144",0.10546875,mm,Canopy snow unloading,(unexpected)
SNOW,"time,lat,lon",False,,float64,"1,96,144",0.10546875,mm/s,"atmospheric snow, after rain/snow repartitioning based on temperature",hydrology_et
SNOWDP,"time,lat,lon",False,,float64,"1,96,144",0.10546875,m,gridcell mean snow height,snow
SNOWICE,"time,lat,lon",False,,float64,"1,96,144",0.10546875,kg/m2,snow ice,snow
SNOWLIQ,"time,lat,lon",False,,float64,"1,96,144",0.10546875,kg/m2,snow liquid water,snow
SNOW_DEPTH,"time,lat,lon",False,,float64,"1,96,144",0.10546875,m,snow height of snow covered area,(unexpected)
SNOW_FROM_ATM,"time,lat,lon",False,,float64,"1,96,144",0.10546875,mm/s,atmospheric snow received from atmosphere (pre-repartitioning),(unexpected)
SNOW_PERSISTENCE,"time,lat,lon",False,,float64,"1,96,144",0.10546875,seconds,Length of time of continuous snow cover (nat. veg. landunits only),(unexpected)
SNOW_SINKS,"time,lat,lon",False,,float64,"1,96,144",0.10546875,mm/s,snow sinks (liquid water),(unexpected)
SNOW_SOURCES,"time,lat,lon",False,,float64,"1,96,144",0.10546875,mm/s,snow sources (liquid water),(unexpected)
SOIL1C,"time,lat,lon",False,,float64,"1,96,144",0.10546875,gC/m^2,SOIL1 C,(unexpected)
SOIL1C_vr,"time,levsoi,lat,lon",True,levsoi,float64,"1,20,96,144",2.109375,gC/m^3,SOIL1 C (vertically resolved),(unexpected)
SOIL1N,"time,lat,lon",False,,float64,"1,96,144",0.10546875,gN/m^2,SOIL1 N,(unexpected)
SOIL1N_vr,"time,levdcmp,lat,lon",True,levdcmp,float64,"1,25,96,144",2.63671875,gN/m^3,SOIL1 N (vertically resolved),(unexpected)
SOIL2C,"time,lat,lon",False,,float64,"1,96,144",0.10546875,gC/m^2,SOIL2 C,(unexpected)
SOIL2C_vr,"time,levsoi,lat,lon",True,levsoi,float64,"1,20,96,144",2.109375,gC/m^3,SOIL2 C (vertically resolved),(unexpected)
SOIL2N,"time,lat,lon",False,,float64,"1,96,144",0.10546875,gN/m^2,SOIL2 N,(unexpected)
SOIL2N_vr,"time,levdcmp,lat,lon",True,levdcmp,float64,"1,25,96,144",2.63671875,gN/m^3,SOIL2 N (vertically resolved),(unexpected)
SOIL3C,"time,lat,lon",False,,float64,"1,96,144",0.10546875,gC/m^2,SOIL3 C,(unexpected)
SOIL3C_vr,"time,levsoi,lat,lon",True,levsoi,float64,"1,20,96,144",2.109375,gC/m^3,SOIL3 C (vertically resolved),(unexpected)
SOIL3N,"time,lat,lon",False,,float64,"1,96,144",0.10546875,gN/m^2,SOIL3 N,(unexpected)
SOIL3N_vr,"time,levdcmp,lat,lon",True,levdcmp,float64,"1,25,96,144",2.63671875,gN/m^3,SOIL3 N (vertically resolved),(unexpected)
SOILC_CHANGE,"time,lat,lon",False,,float64,"1,96,144",0.10546875,gC/m^2/s,C change in soil,(unexpected)
SOILC_HR,"time,lat,lon",False,,float64,"1,96,144",0.10546875,gC/m^2/s,soil C heterotrophic respiration,(unexpected)
SOILICE,"time,levsoi,lat,lon",True,levsoi,float64,"1,20,96,144",2.109375,kg/m2,soil ice (vegetated landunits only),hydrology_et
SOILLIQ,"time,levsoi,lat,lon",True,levsoi,float64,"1,20,96,144",2.109375,kg/m2,soil liquid water (vegetated landunits only),hydrology_et
SOILRESIS,"time,lat,lon",False,,float64,"1,96,144",0.10546875,s/m,soil resistance to evaporation,(unexpected)
SOILWATER_10CM,"time,lat,lon",False,,float64,"1,96,144",0.10546875,kg/m2,soil liquid water + ice in top 10cm of soil (veg landunits only),(unexpected)
SOMC_FIRE,"time,lat,lon",False,,float64,"1,96,144",0.10546875,gC/m^2/s,C loss due to peat burning,(unexpected)
SOM_C_LEACHED,"time,lat,lon",False,,float64,"1,96,144",0.10546875,gC/m^2/s,total flux of C from SOM pools due to leaching,(unexpected)
SR,"time,lat,lon",False,,float64,"1,96,144",0.10546875,gC/m^2/s,total soil respiration (HR + root resp),(unexpected)
STORVEGC,"time,lat,lon",False,,float64,"1,96,144",0.10546875,gC/m^2,"stored vegetation carbon, excluding cpool",(unexpected)
STORVEGN,"time,lat,lon",False,,float64,"1,96,144",0.10546875,gN/m^2,stored vegetation nitrogen,(unexpected)
SUCSAT,"levgrnd,lat,lon",True,levgrnd,float64,"25,96,144",2.63671875,mm,saturated soil matric potential,(unexpected)
SUPPLEMENT_TO_SMINN,"time,lat,lon",False,,float64,"1,96,144",0.10546875,gN/m^2/s,supplemental N supply,(unexpected)
SWBGT,"time,lat,lon",False,,float64,"1,96,144",0.10546875,C,2 m Simplified Wetbulb Globe Temp,(unexpected)
SWBGT_R,"time,lat,lon",False,,float64,"1,96,144",0.10546875,C,Rural 2 m Simplified Wetbulb Globe Temp,(unexpected)
SWBGT_U,"time,lat,lon",False,,float64,"1,96,144",0.10546875,C,Urban 2 m Simplified Wetbulb Globe Temp,(unexpected)
TAUX,"time,lat,lon",False,,float64,"1,96,144",0.10546875,kg/m/s^2,zonal surface stress,(unexpected)
TAUY,"time,lat,lon",False,,float64,"1,96,144",0.10546875,kg/m/s^2,meridional surface stress,(unexpected)
TBOT,"time,lat,lon",False,,float64,"1,96,144",0.10546875,K,atmospheric air temperature (downscaled to columns in glacier regions),(unexpected)
TBUILD,"time,lat,lon",False,,float64,"1,96,144",0.10546875,K,internal urban building air temperature,(unexpected)
TG,"time,lat,lon",False,,float64,"1,96,144",0.10546875,K,ground temperature,temperature
TH2OSFC,"time,lat,lon",False,,float64,"1,96,144",0.10546875,K,surface water temperature,(unexpected)
THBOT,"time,lat,lon",False,,float64,"1,96,144",0.10546875,K,atmospheric air potential temperature (downscaled to columns in glacier regions),(unexpected)
TKE1,"time,lat,lon",False,,float64,"1,96,144",0.10546875,W/(mK),top lake level eddy thermal conductivity,(unexpected)
TLAI,"time,lat,lon",False,,float64,"1,96,144",0.10546875,m^2/m^2,total projected leaf area index,vegetation
TLAKE,"time,levlak,lat,lon",True,levlak,float64,"1,10,96,144",1.0546875,K,lake temperature,(unexpected)
TOTCOLC,"time,lat,lon",False,,float64,"1,96,144",0.10546875,gC/m^2,"total column carbon, incl veg and cpool but excl product pools",(unexpected)
TOTCOLCH4,"time,lat,lon",False,,float64,"1,96,144",0.10546875,gC/m2,total belowground CH4 (0 for non-lake special landunits in the absence of dynamic landunits),(unexpected)
TOTCOLN,"time,lat,lon",False,,float64,"1,96,144",0.10546875,gN/m^2,"total column-level N, excluding product pools",(unexpected)
TOTECOSYSC,"time,lat,lon",False,,float64,"1,96,144",0.10546875,gC/m^2,"total ecosystem carbon, incl veg but excl cpool and product pools",(unexpected)
TOTECOSYSN,"time,lat,lon",False,,float64,"1,96,144",0.10546875,gN/m^2,"total ecosystem N, excluding product pools",(unexpected)
TOTLITC,"time,lat,lon",False,,float64,"1,96,144",0.10546875,gC/m^2,total litter carbon,(unexpected)
TOTLITC_1m,"time,lat,lon",False,,float64,"1,96,144",0.10546875,gC/m^2,total litter carbon to 1 meter depth,(unexpected)
TOTLITN,"time,lat,lon",False,,float64,"1,96,144",0.10546875,gN/m^2,total litter N,(unexpected)
TOTLITN_1m,"time,lat,lon",False,,float64,"1,96,144",0.10546875,gN/m^2,total litter N to 1 meter,(unexpected)
TOTPFTC,"time,lat,lon",False,,float64,"1,96,144",0.10546875,gC/m^2,"total patch-level carbon, including cpool",(unexpected)
TOTPFTN,"time,lat,lon",False,,float64,"1,96,144",0.10546875,gN/m^2,total patch-level nitrogen,(unexpected)
TOTSOILICE,"time,lat,lon",False,,float64,"1,96,144",0.10546875,kg/m2,vertically summed soil cie (veg landunits only),(unexpected)
TOTSOILLIQ,"time,lat,lon",False,,float64,"1,96,144",0.10546875,kg/m2,vertically summed soil liquid water (veg landunits only),(unexpected)
TOTSOMC,"time,lat,lon",False,,float64,"1,96,144",0.10546875,gC/m^2,total soil organic matter carbon,(unexpected)
TOTSOMC_1m,"time,lat,lon",False,,float64,"1,96,144",0.10546875,gC/m^2,total soil organic matter carbon to 1 meter depth,(unexpected)
TOTSOMN,"time,lat,lon",False,,float64,"1,96,144",0.10546875,gN/m^2,total soil organic matter N,(unexpected)
TOTSOMN_1m,"time,lat,lon",False,,float64,"1,96,144",0.10546875,gN/m^2,total soil organic matter N to 1 meter,(unexpected)
TOTVEGC,"time,lat,lon",False,,float64,"1,96,144",0.10546875,gC/m^2,"total vegetation carbon, excluding cpool",(unexpected)
TOTVEGN,"time,lat,lon",False,,float64,"1,96,144",0.10546875,gN/m^2,total vegetation nitrogen,(unexpected)
TOT_WOODPRODC,"time,lat,lon",False,,float64,"1,96,144",0.10546875,gC/m^2,total wood product C,(unexpected)
TOT_WOODPRODC_LOSS,"time,lat,lon",False,,float64,"1,96,144",0.10546875,gC/m^2/s,total loss from wood product pools,(unexpected)
TOT_WOODPRODN,"time,lat,lon",False,,float64,"1,96,144",0.10546875,gN/m^2,total wood product N,(unexpected)
TOT_WOODPRODN_LOSS,"time,lat,lon",False,,float64,"1,96,144",0.10546875,gN/m^2/s,total loss from wood product pools,(unexpected)
TPU25T,"time,lat,lon",False,,float64,"1,96,144",0.10546875,umol/m2/s,canopy profile of tpu,(unexpected)
TREFMNAV,"time,lat,lon",False,,float64,"1,96,144",0.10546875,K,daily minimum of average 2-m temperature,(unexpected)
TREFMXAV,"time,lat,lon",False,,float64,"1,96,144",0.10546875,K,daily maximum of average 2-m temperature,(unexpected)
TSA,"time,lat,lon",False,,float64,"1,96,144",0.10546875,K,2m air temperature,temperature
TSAI,"time,lat,lon",False,,float64,"1,96,144",0.10546875,m^2/m^2,total projected stem area index,vegetation
TSKIN,"time,lat,lon",False,,float64,"1,96,144",0.10546875,K,skin temperature,temperature
TSL,"time,lat,lon",False,,float64,"1,96,144",0.10546875,K,temperature of near-surface soil layer (vegetated landunits only),(unexpected)
TSOI,"time,levgrnd,lat,lon",True,levgrnd,float64,"1,25,96,144",2.63671875,K,soil temperature (vegetated landunits only),temperature
TSOI_10CM,"time,lat,lon",False,,float64,"1,96,144",0.10546875,K,soil temperature in top 10cm of soil,(unexpected)
TSOI_ICE,"time,levgrnd,lat,lon",True,levgrnd,float64,"1,25,96,144",2.63671875,K,soil temperature (ice landunits only),(unexpected)
TV,"time,lat,lon",False,,float64,"1,96,144",0.10546875,K,vegetation temperature,temperature
TWS,"time,lat,lon",False,,float64,"1,96,144",0.10546875,mm,total water storage,(unexpected)
T_SCALAR,"time,levsoi,lat,lon",True,levsoi,float64,"1,20,96,144",2.109375,unitless,temperature inhibition of decomposition,(unexpected)
U10,"time,lat,lon",False,,float64,"1,96,144",0.10546875,m/s,10-m wind,(unexpected)
U10_DUST,"time,lat,lon",False,,float64,"1,96,144",0.10546875,m/s,10-m wind for dust model,(unexpected)
URBAN_AC,"time,lat,lon",False,,float64,"1,96,144",0.10546875,W/m^2,urban air conditioning flux,(unexpected)
URBAN_HEAT,"time,lat,lon",False,,float64,"1,96,144",0.10546875,W/m^2,urban heating flux,(unexpected)
VCMX25T,"time,lat,lon",False,,float64,"1,96,144",0.10546875,umol/m2/s,canopy profile of vcmax25,(unexpected)
VEGWP,"time,nvegwcs,lat,lon",True,nvegwcs,float64,"1,4,96,144",0.421875,mm,"vegetation water matric potential for sun/sha canopy,xyl,root segments",(unexpected)
VOLR,"time,lat,lon",False,,float64,"1,96,144",0.10546875,m3,river channel total water storage,(unexpected)
VOLRMCH,"time,lat,lon",False,,float64,"1,96,144",0.10546875,m3,river channel main channel water storage,(unexpected)
Vcmx25Z,"time,lat,lon",False,,float64,"1,96,144",0.10546875,umol/m2/s,canopy profile of vcmax25 predicted by LUNA model,(unexpected)
WA,"time,lat,lon",False,,float64,"1,96,144",0.10546875,mm,water in the unconfined aquifer (vegetated landunits only),(unexpected)
WASTEHEAT,"time,lat,lon",False,,float64,"1,96,144",0.10546875,W/m^2,sensible heat flux from heating/cooling sources of urban waste heat,(unexpected)
WATSAT,"levgrnd,lat,lon",True,levgrnd,float64,"25,96,144",2.63671875,mm3/mm3,saturated soil water content (porosity),(unexpected)
WBT,"time,lat,lon",False,,float64,"1,96,144",0.10546875,C,2 m Stull Wet Bulb,(unexpected)
WBT_R,"time,lat,lon",False,,float64,"1,96,144",0.10546875,C,Rural 2 m Stull Wet Bulb,(unexpected)
WBT_U,"time,lat,lon",False,,float64,"1,96,144",0.10546875,C,Urban 2 m Stull Wet Bulb,(unexpected)
WIND,"time,lat,lon",False,,float64,"1,96,144",0.10546875,m/s,atmospheric wind velocity magnitude,other
WOODC,"time,lat,lon",False,,float64,"1,96,144",0.10546875,gC/m^2,wood C,(unexpected)
WOODC_ALLOC,"time,lat,lon",False,,float64,"1,96,144",0.10546875,gC/m^2/s,wood C eallocation,(unexpected)
WOODC_LOSS,"time,lat,lon",False,,float64,"1,96,144",0.10546875,gC/m^2/s,wood C loss,(unexpected)
WOOD_HARVESTC,"time,lat,lon",False,,float64,"1,96,144",0.10546875,gC/m^2/s,wood harvest carbon (to product pools),(unexpected)
WOOD_HARVESTN,"time,lat,lon",False,,float64,"1,96,144",0.10546875,gN/m^2/s,wood harvest N (to product pools),(unexpected)
WTGQ,"time,lat,lon",False,,float64,"1,96,144",0.10546875,m/s,surface tracer conductance,(unexpected)
W_SCALAR,"time,levsoi,lat,lon",True,levsoi,float64,"1,20,96,144",2.109375,unitless,Moisture (dryness) inhibition of decomposition,(unexpected)
XSMRPOOL,"time,lat,lon",False,,float64,"1,96,144",0.10546875,gC/m^2,temporary photosynthate C pool,(unexpected)
XSMRPOOL_RECOVER,"time,lat,lon",False,,float64,"1,96,144",0.10546875,gC/m^2/s,C flux assigned to recovery of negative xsmrpool,(unexpected)
ZBOT,"time,lat,lon",False,,float64,"1,96,144",0.10546875,m,atmospheric reference height,(unexpected)
ZLAKE,"levlak,lat,lon",True,levlak,float64,"10,96,144",1.0546875,m,lake layer node depth,(unexpected)
ZSOI,"levgrnd,lat,lon",True,levgrnd,float64,"25,96,144",2.63671875,m,soil depth,(unexpected)
ZWT,"time,lat,lon",False,,float64,"1,96,144",0.10546875,m,water table depth (vegetated landunits only),hydrology_et
ZWT_CH4_UNSAT,"time,lat,lon",False,,float64,"1,96,144",0.10546875,m,depth of water table for methane production used in non-inundated area,(unexpected)
ZWT_PERCH,"time,lat,lon",False,,float64,"1,96,144",0.10546875,m,perched water table depth (vegetated landunits only),(unexpected)
area,"lat,lon",False,,float64,"96,144",0.10546875,km^2,grid cell areas,(unexpected)
date_written,"time,string_length",False,,|S1,"1,16",1.52587890625e-05,,,(unexpected)
landfrac,"lat,lon",False,,float64,"96,144",0.10546875,,land fraction,(unexpected)
landmask,"lat,lon",False,,int32,"96,144",0.052734375,,land/ocean mask (0.=ocean and 1.=land),(unexpected)
mcdate,time,False,,int32,1,3.814697265625e-06,,current date (YYYYMMDD),(unexpected)
mcsec,time,False,,int32,1,3.814697265625e-06,s,current seconds of current date,(unexpected)
mdcur,time,False,,int32,1,3.814697265625e-06,,current day (from base day),(unexpected)
mscur,time,False,,int32,1,3.814697265625e-06,,current seconds of current day,(unexpected)
nbedrock,"lat,lon",False,,int32,"96,144",0.052734375,,index of shallowest bedrock layer,(unexpected)
nstep,time,False,,int32,1,3.814697265625e-06,,time step,(unexpected)
pftmask,"lat,lon",False,,int32,"96,144",0.052734375,,pft real/fake mask (0.=fake and 1.=real),(unexpected)
time_bounds,"time,hist_interval",False,,float64,"1,2",1.52587890625e-05,,history time interval endpoints,(unexpected)
time_written,"time,string_length",False,,|S1,"1,16",1.52587890625e-05,,,(unexpected)
